sample_index,goemotions_id,fine,ekman,sent,text_sha256,char_len
1,efg88ln,amusement,joy,positive,fad8d7ee5ee876e2440fb8e48c39b8c3ecb5d19239b0caaf607d0df329db3e4e,109
2,edje5q9,disapproval,anger,negative,cb1aff654d47c3c1a2e7943e02ee71a6a8ada05f7e0ca68948bc7749befa4909,59
3,ed01hr6,neutral,neutral,neutral,032d93cdac330ea058259c559a1901deedc606d25e45002c0f83844bd5b13af7,18
4,edclugt,fear,fear,negative,3eca23b1654439e6c7b315777675e678bd464b1429c43d4b7a9a3e6bd533b1a9,90
5,ef5lv2c,neutral,neutral,neutral,7393132ec86cb9eeae527751fd4d07bc76d741d6e972617fbe0d86c8f75c97f9,61
6,edz3irq,neutral,neutral,neutral,f448f66eb6beab27537279616ce28dc7697ec0b14c8546f64f6d729fe5be6d17,36
7,ed77gkb,annoyance,anger,negative,ec819f711e4287495dbdc0ad33280a4639b31935528dcad5af48c88ef67cfac6,36
8,edxyu9t,anger,anger,negative,6046d7cf5a891a94f0e80f48406c3f74461661fb610697befb8c017265986e98,88
9,edn8uyh,neutral,neutral,neutral,a857754c1a75d1ff6f913e60fcd01191b3c43f25db9b9f4c1ee8d4f2e066877e,51
10,ee096or,neutral,neutral,neutral,383a91320969ca3a5bd184b5d64aa2dcd7da2520f537982631963d336677eed3,161
11,ef4litv,sadness,sadness,negative,d1955ef7c211a83ab49fe180ceaba813c6959fa5b6b96abae9bc386839f29011,64
12,eeetrf7,neutral,neutral,neutral,1b93b9c93e55bd9ffe9ed85b3e2e9d644a214a7e6f2ae385da7eded4dc648e43,52
13,edlko45,neutral,neutral,neutral,fe57e2c7e8abe43a570564d0170c396991aea766a7b6622f54ae6ca43b7c865d,38
14,ed88wg5,disgust,disgust,negative,6492b06707651cf147be2a26a079dbebea84b7744bd00edf3d1ef5ee8b08ed1d,11
15,edv1vds,love,joy,positive,d235a49316799104d9232340b06004493d169ac9d67a755fa07fb91b1c155d9c,60
16,edf27sz,neutral,neutral,neutral,7ee8ef2fa63bcec05ffe7b7da59053bd760f714f64b1d7c9271630b4902b972b,14
17,edluqx4,disgust,disgust,negative,c4840a11cf452aed015e90b6a0a3b587a5c010d6cdb5575f8b3d20b91088e61a,129
18,ee10wv2,neutral,neutral,neutral,e8faa657e2037ed1dd438ff056c374fdd252c40ededaafe4331d8586be764b8e,78
19,eczh6mi,neutral,neutral,neutral,42ad57aaa6ea1a511108efcff4f656fdf1459daf5e57512d7d6af7c444b412d5,43
20,eemefit,caring,joy,positive,9af620bbbb3beeacd1a684d6eb5042acc93021fb6398d5e6b1135874aa511339,29
21,eempufb,anger,anger,negative,ba3509c7a4d0baf0d225515444af52e2df57dfbeb08055f66d51235ecac14b6d,37
22,ef5r1ke,caring,joy,positive,e66cc897238748e9a72f34bbd2dacbc73cfa0ee04b565b6480c69752e086a11f,128
23,edplze2,fear,fear,negative,50e7d5a7564cb72e9d7db0e7ea5dd5952bf17796269a7aa59be0f35138bab10a,77
24,eetlif1,amusement,joy,positive,6f5656f6fa7f1efa2260a8203639335928ec67e4b687730b0ccb88046038af16,66
25,effb3xa,confusion,surprise,ambiguous,16f8dd0e07c417c32be67695075c3253fd32d8d6c6cee87c2dc7603298f9bed4,77
26,ee9gpyo,caring,joy,positive,8e2fa9b338758e410e9b19462a99d98a3a3b709515137d5b4a39e67f45b863d8,64
27,ed20116,realization,surprise,ambiguous,455e4ed61ed6614cf4fcfc5bb6ef62771469407c7b5b214831d74c7cebd805cc,35
28,eeahpqt,neutral,neutral,neutral,80586ef3098b5cbad73a2280c183ec37b36d7dafd76dfea2ca198e7cacf17328,103
29,edt9zur,approval,joy,positive,6edbff55bebf30b9d8d5a378db578800be0646bd5917549cf50d03a0cd976f18,60
30,ed911wk,admiration,joy,positive,9a8d834408ae3892902a7a9c06eaadae1108b6b05c34aa57084511ddd1fe88b1,94
31,ee613rq,neutral,neutral,neutral,01ec5eb66390d822118458f2ca4f892b471330e69b45ee6ac85affc209cc4188,62
32,efbcxjd,gratitude,joy,positive,3f0b3b6552a281e27a036e347b5bd663db9465d9afe1ee5fa3b37d8796b9a6b5,34
33,efa9b9m,caring,joy,positive,9a09ad30a93ae16f69ab9e3659c96ffeb287490acf0600c0d1d06cf518603682,93
34,edjp3a4,neutral,neutral,neutral,92618e90734d0446b8914cce31c5f01266816a01f8eee7f78cd7241e99504837,25
35,ed0jr9i,embarrassment,sadness,negative,d73fa93e6068ef1bcad5e682cff5d4328ed76f7b30e1cab0420e783da6d1dba6,145
36,eevfn1s,disappointment,sadness,negative,a63173ec2f49857adce3f618c956fe6f2c53e59569bad525f209077e5f89b9b9,103
37,ef8aufx,neutral,neutral,neutral,5e0d670847e9a252c9fddcd4edeba4eea33197f747d73dd619086ae9dd4eb131,105
38,ee5p45c,annoyance,anger,negative,a1a3c86c96c6711d7d724f43da1b5e0d806141f93c9da8f37722185b1733c3fa,69
39,edlgecg,love,joy,positive,8bf29dc6dccc0f17350e5fda72b35f6fcf5a2632060c6801684dd288ba01d8d3,45
40,efh977t,gratitude,joy,positive,288b787c562c12918488a1bac8f90a08cd90bcc529b9380940b144953f6cba57,104
41,eexi9i3,gratitude,joy,positive,f2db47f9a405b5d3443a103481a226eeb91fb53612550472c6a20864d1e02d7d,91
42,efez3zf,admiration,joy,positive,7f3394dcabe4acb9befbd6875f908c9485d4f19be3d860fefbd31382ede2f3cc,77
43,eduhvb7,amusement,joy,positive,7d8563b58324dc6f50937dc55927513b3feed31f77e1673eabe5700ff7f82a57,58
44,eejlhlv,neutral,neutral,neutral,e81ad13be6af2ee4e19f9a07747dd719a51c4e0c70eef6dee433da449920d3f9,134
45,edwf9b0,disapproval,anger,negative,9af7b4e8650e698ecee2bda014ff740aecf640100c1b2c39cedfe04b1506ef9a,58
46,ednobom,neutral,neutral,neutral,67bb67a682facb71432fe46cbeb5f5a5ca19947bd4e20f83adecdbf892ead8f9,41
47,edg6ig1,neutral,neutral,neutral,a281cdc860db9851e6f44147293686869722c208dd880e19cca6278004d9dbbf,74
48,eemlaus,confusion,surprise,ambiguous,34da6769330921ae8cccf39141a7e7efea342ecb4139fe7cfd0ac6f5a92d2c75,113
49,ef343vp,disapproval,anger,negative,a42abb4aaf4a053910ac8aaf53b7c1ffc4d98319082f301630f7c6fc576d4b23,52
50,edu3ej8,desire,joy,positive,03d4862aa477d2fffd4742253e54e1181354f1ca4c0630b73d514bae59843273,65
51,ed1hwvq,neutral,neutral,neutral,35f33f86a19b4678c9a802914121228668669e79c6ceafb0809c7307e036e9b3,115
52,ed8t9b1,curiosity,surprise,ambiguous,2a45799710947dd0608d4ff31f0f5aef54ba16e404857463de72428550937272,38
53,eel3kty,neutral,neutral,neutral,09e1e68a2472de6ac2ab2bf8544be1c518553e2033d1ac6ce05c6e06587bcb03,35
54,edvsund,admiration,joy,positive,d0611cdfd4cc1009d58b8ae392037a308f1d2cd08aacc41fd7545f47c5e0697c,21
55,ed6vcfh,joy,joy,positive,b9bf7176036fb2d46e70572dbbf712375c0e3cde201235c4926bdc88b98e7374,32
56,edbyvi1,anger,anger,negative,0be427b157f64fbd1bef9bb0b2d1479491dccb997aeaf198939b2fca4419abea,115
57,eecsc0x,surprise,surprise,ambiguous,b73bd7a2053481be8ffd73e628ab17657b9f867ab875533d443fc7617ff0043b,84
58,eegfgs5,gratitude,joy,positive,a8da901ba4a7ed134ab779bfd05002d5c02eaa4b0b7f207543cb91853c5d5fb3,40
59,ed8pbzk,admiration,joy,positive,111ddf962b05bf656e5cd9aa077c49a7ada1c65b5f0467cc3aa5eee098d3c6f1,71
60,ed8xf9t,gratitude,joy,positive,fa9209a13ff9b10cd47ae5b3f36ad6e80834986f8b775b0293fb2f09a0c9db28,75
61,edmkm90,admiration,joy,positive,a514cfaca10519bde14f7b72fe69597ab5972ab90e250b347ed57609dead5fe4,140
62,ee8n7ct,amusement,joy,positive,d89d173e8aa011d922a50819af1fcd31995c3bd8761dbdf98db402509c821c54,33
63,eebwv1e,neutral,neutral,neutral,b0b63f6602bf6cfcf28eb6f962f97b7085c2ad0fc7b852d8e4ac0b44e85302e2,42
64,eeq2xbc,gratitude,joy,positive,1f6bab37544891f5bfdcd8f34aea78c8a377d70cd29b3567f4cd89a63d9d67f5,22
65,ee85inb,optimism,joy,positive,4406924f5e8d98a82883d3ea1c9d4be0bead02763a694f619de6c4c21519a974,14
66,eeb8dkc,love,joy,positive,7e2fe69836250c48020a0cfebff60fb25473cf9e0f010ca620e8f39b929fbb0b,15
67,edoz6ot,approval,joy,positive,ea9bac490459ecdb2dcea71e6f9a0268c9d6f17470fd0f4e6879b2c4087c7774,50
68,eer7zky,caring,joy,positive,dd9580eed466ffab8533660d5f500b53233b00df29befe555e1724f5ef3ef71f,53
69,eetc1j1,neutral,neutral,neutral,c23cb650d8511fbae4692760027a6933d62574ac3c4543df0787d74e6be410c6,22
70,edmo454,curiosity,surprise,ambiguous,d4ee927092d8f6d74c4b7ae231b3dbc1a7f1a56b3b25840bf8586e1087639001,38
71,efag9qk,neutral,neutral,neutral,ac73ee40551ce83077851a4e5cea78c8e38b4f0f8fd3ed72c86a76d615eb24a9,107
72,edjcva3,embarrassment,sadness,negative,6331ceaba6987796b7241308631224b152739dd4603cef3bdc5440b1b582b6db,113
73,ed3598m,neutral,neutral,neutral,1547409813dbe85c0be6b0ee99d641be10923974ddb3993c94d084d6f0d50cf2,48
74,ed6hrx0,neutral,neutral,neutral,270d4d660fceb4b2f2fd3dbe7cf29f37065f1523166f9030f3c33bf1ef520741,103
75,eeamnxd,admiration,joy,positive,e2d2ccb55f018243879721de9422e24b591abdd3a6c83457a1cb5fac0d706564,98
76,eduzbw1,confusion,surprise,ambiguous,65f9b2e61770cf290390f0cc9c22a5f9c30494d7318b5abe69b650d925a45925,120
77,ed8bnk1,amusement,joy,positive,6b7de9a3f329fae9ee1d47a98c24984777b22dabe4d87fa60ceaf773ef3a86a5,58
78,ef8vyyh,neutral,neutral,neutral,c730330eb57df09bc7bb3408b08991d458ef1723eacded5ebb00ab15c9b1cd66,18
79,edd0t0r,annoyance,anger,negative,77a34fc727dca27ab1f22a7c3280bb068d7786c7836f12ada840d72b9a9703c1,68
80,ed5wo2w,neutral,neutral,neutral,63661b9336d94d36dd6eeaed1577676607bf008c8ab3ced7b85d267afa8214d1,17
81,ed936ao,annoyance,anger,negative,599649091245e622d5c16049f5273598e9fe6abbe74d37f15a17ce8e1f490bf3,36
82,eesh37s,disapproval,anger,negative,23af875e8b62dd4cb49e51961ad7cb6e899ef678e1fa74a7a7d35467ee919235,71
83,ednrzku,neutral,neutral,neutral,3f53f26984234303dd15d79904753397d580b5545f00a683d68279dc7f7ebb1c,84
84,edext4x,fear,fear,negative,f59ec1963da8eed55e531bf3ab507da8169f0a4310f3d1418db04445d34203be,26
85,eczc44a,excitement,joy,positive,9a5d92e3d5a01c2d1e66856e9a5c7f16432d4d02c9c40de198d86012e3674f21,47
86,ed57fbo,neutral,neutral,neutral,673a1a2b59ebfeb3f1b44b4df0edf1a4c768a78f10bc569b90402c8cd88a9ebb,23
87,eezkc62,neutral,neutral,neutral,afcd3d5ab28c129b41dfc52bcd08f5f41ab5fa058bcfd2c756df720a40f903ff,97
88,efbeqvc,neutral,neutral,neutral,30bfd97af19165125cbb18f8d0678f27add3d8083809a217104ab781c20328de,96
89,edvaz3h,realization,surprise,ambiguous,99ae30baa6333cbd7a0ea8aeb60fd747d3b3dc85352b127bce7d4213f454fadf,56
90,eeobtjx,neutral,neutral,neutral,e5b7f3c4c7e838b90f167c069ac9642a6a4b14c8a84bc7a74811855ce4b0c8ba,83
91,efah9rb,amusement,joy,positive,972a86a8246c4a4995278b8667d0c0c2b6b65c80fe18b128b4015fa2022bc335,69
92,ee6cvki,neutral,neutral,neutral,8ca91e85c20174670cf1bd2fbcb35d7532dc2ba95241787e4bf7076431e39e82,144
93,eeq4vci,curiosity,surprise,ambiguous,3b264f2c70523996f0cac3afe5eccd37475b94acedca0e0954e75249e8881139,91
94,ee2hrev,surprise,surprise,ambiguous,8a08631cd2ac11cf7071091c1faf9ef34348ca45935aafe497c4d277ea1a8e0e,16
95,eeas1ww,gratitude,joy,positive,dff9c19aeb9a6b9a213de2cb11ae6f984109c6f2d354e579632a7a8c05b142fd,110
96,ed184ql,joy,joy,positive,d15e979d5b7508933192596bc4ff7f73ff50593b37c4fdaf1e6ab867cf9ee5d8,124
97,ed6pkzv,anger,anger,negative,f0e9d6d8e54ccccd24886136639945401143486aa27f912229c4e57a1198c8ff,66
98,eeckgaz,realization,surprise,ambiguous,c04c37005a462f0488cb5dbee3b4f958abe21ccf497d4001a75b5dd59fd680bd,51
99,eesem2o,gratitude,joy,positive,5c645dc75a86a01b41673c24f1106c6ec1233ade8769e7c40506b4a05e13f023,75
100,edoxyzg,disapproval,anger,negative,7a6784f930a2c33a8eb88367705627578e715bf29fa997dc56c636b738c8fdc2,17
101,ed5bpyn,neutral,neutral,neutral,d8c63ed94464166267268c4627db98a4c84f6886e07ae70acf7dc29ddb67576b,23
102,ee5weni,amusement,joy,positive,46dc8fe614f74b81e142e3a72048de8c29531c0e5ea38b557a15c960399f1e7b,126
103,eesa65i,approval,joy,positive,bc19d88f55c5a88364295bef3e6c5d6d919ddf6ff6b64fbc60a6cbdcf1ba831c,47
104,ee1gdzz,neutral,neutral,neutral,32373ca047380f14e2206b24d3ec80d1a03e38c527b50b8922b5d5f7d547d18e,60
105,eeg8jrj,admiration,joy,positive,3318140319dbdfbdb4099fb24ca2142c376a18d2deb6aec75b215e591c4ec272,39
106,ee0r22m,gratitude,joy,positive,7f95a96bb3c9b79fc19c6c5c52ca4b4934aadf9cee5ddfeb2e4da6f28d5663b9,113
107,efgega0,admiration,joy,positive,42a5e91c15348f896a4b3786a5f948b83ece28137267026086e64d7d6aff5f6e,17
108,ed1h5g1,annoyance,anger,negative,f94de5565d81879d6b8d6fe173476e527991339ed1ab72ea53132577caa4cf71,144
109,eer1jkc,annoyance,anger,negative,9f05bf28677437037987dba8d25cbed1e73ce0c4590bf13811eea941be566c7c,94
110,edm3oea,neutral,neutral,neutral,dd84edbb56bee7261f2734b8be4e6b9f6cb8c9914a9c2af8bb7930eb6a66b83c,124
111,eenzmkg,neutral,neutral,neutral,098df4179b1cbce067c49e8af84d9a94eaa5c7638ba89bc50fd6c6ea9fc5af20,30
112,edbiw5b,admiration,joy,positive,80353fbe40b81ca0a466e2f554d0202f5b75d765abf55e8e9055bbf53c60352d,111
113,ee0ovgs,approval,joy,positive,27bb49ce238a71874d741bb60e60f2007184544888b67ebe6d18a5419a9d4e33,110
114,eemovlk,neutral,neutral,neutral,a204e23dee1456d6f4d1d83a26c133952d03bed3aab76e6c27420d1d041f3124,58
115,ee6ohr6,disgust,disgust,negative,10120a28098976d86413904195a95e6851605225738404594fcfc2ffc8cd76d3,14
116,eed0ric,disapproval,anger,negative,cb73851f56301bf6e483ed4c546b0cc8a3ba35ab4f423dfa26c92f58dcac92f2,52
117,eecg2ly,fear,fear,negative,5bee138fe7b77be17fe0ff27795f316561f9b9086451ca9e24ae060e67c18d85,71
118,ed2vc9p,neutral,neutral,neutral,48ee3c16dc8ec725df362f629936a6b9f6dd79da5acab4bec845679bc3b6499a,76
119,edma0sp,embarrassment,sadness,negative,3337159fe5cb84e1e37a1a71fcb962a418e4d56514b7d84ddd8ff2b1a02e0093,131
120,ee2t4ek,amusement,joy,positive,eeb645cb0def7b448000a01ccfeae9260398b91698eac9f60329134662964e25,87
121,eetxlxy,approval,joy,positive,96879378417d02bba458507bd4e893547ec5ff022d1ec268e45f8db25b3cece2,22
122,ef6bmgl,neutral,neutral,neutral,84c9140d7e8c2dc117349c564dc320db845bfcfff749125ed04ee349a3f02e32,39
123,edrh0yz,excitement,joy,positive,760cfbc00fe2e0fc3f28b6a5dd87c222963276a090b15a9967b938f6823fd882,91
124,ed52w0c,annoyance,anger,negative,d66c4db8be86f4c635b8726000749c64fcdc91d7c8fde87995a6b07d7ce94326,97
125,ef025pn,confusion,surprise,ambiguous,150c6fb33435a5bbbc7eeccefab443a10898d1c449505173b204b3a2ecb962b5,45
126,ef56z1s,neutral,neutral,neutral,fb67bb5bff204440841a69e0a6e193db04040bee30f32aea7bde48f9616ce98d,92
127,eekfk83,neutral,neutral,neutral,d52c5068fff55644b3ed7c2daf7686dad1d1ae795e635bfd70db5f6b43713e2c,90
128,ef4qit1,neutral,neutral,neutral,2d4788e3f1776dbbdffe678ed08bca07c29e535cb8395b004ad84258ca4d3f0c,64
129,eeh4hjb,love,joy,positive,16d93adc725ed771a1e138a1e37fb81b61d890b0873cd6630bbb9b759a9a9b26,44
130,edpemfy,desire,joy,positive,c31a5cc80b414c00e59c983cac08ba8cec2e74a88f7ecc4357306f63e8b1acb3,120
131,ed2qhvk,love,joy,positive,4950272ac4da8c800bf5624720f6b2c52eb4a98ac03a75b0f0b78ab28487ac17,71
132,eebxhxb,disappointment,sadness,negative,834ee40b38f4bec4634ca15b692eee11a50ec4ec0a96d5eb8bae4bcae0dd47f0,68
133,ed6pxs5,amusement,joy,positive,b3b53df4a180d96ce735d1e7ba87680fbb8a46b009f554531613049cbb42b0b4,33
134,ee8rrho,neutral,neutral,neutral,eea6254804769f1e12b8b167bd87a8953227ab6898f4b0f060198e21f755400d,130
135,eda9bvr,realization,surprise,ambiguous,52f71a1ebe606594d634143a69415d77bbfd36d8915e3034cafd0970f6e03a36,162
136,ee18t09,neutral,neutral,neutral,19d1846a04347ae34b872741929d4b96f2b9976e5ae5c999d0ad2d13318f44f7,84
137,edghgjb,neutral,neutral,neutral,06badeb6b8e733e9303f5eaadbb990bdcf390d3bca2d6965fba725f1473d6f1b,61
138,ed21rmg,curiosity,surprise,ambiguous,c8e39affb826c5f902ac9786e5e2d6d16df84e26d3c9229f2a96b20e3a1a29fe,31
139,ee7zrpo,love,joy,positive,1c6d957710970b7f25b119201291d7ef83755e79b2be18a516dc346e9e81b62a,95
140,edlgwyi,neutral,neutral,neutral,1fa4ab6843b963931dd1b53e579880342703c01b03fba422e61dfb7c46bdfc03,39
141,ed60knl,admiration,joy,positive,968c8da1d161599c98baf8fb20e9bc8c8fb245a09a13ad584770a76f617d9840,25
142,ee72v7p,disgust,disgust,negative,e39f4f7ea49b651d9e329fa6f4dfe27642e2b2e60fb40dcb25190e1682400022,28
143,eepu3bf,neutral,neutral,neutral,9c1c1a1a9a0766f1da081a765bf1f144d4166b2d39cd9a0013a2cfb5569a5f00,69
144,efals5d,neutral,neutral,neutral,b006442e7cd9ef128760f3acfdaeb7c03510d51367745ac83f5bfb4a8b596731,45
145,ee0psc2,neutral,neutral,neutral,e0d8e2200632c3ce99025718bbe408515209cabdca7b830c3899ff7e4e10cfb6,32
146,eeemx8b,love,joy,positive,03dfced700ad53247a00056a2c656c931342cb7c346b5d718ffe116865c6b02d,27
147,eewm10f,neutral,neutral,neutral,1fc258b9e5e83e7d35737da33fff836ac63a301d0c91655fcebf0ec1ce61eca2,119
148,eevvus4,admiration,joy,positive,d9a2c3ce9724c6a4ae350dc3a645b44737457547cab47ef890bacd940c34489f,60
149,edb2nwr,realization,surprise,ambiguous,543cf2428b44fb46f9e2fafd6b6af4e8564af5e615cd86346e2ad7b0952b778e,142
150,eettn7f,sadness,sadness,negative,eac05d0e4603504a925d65d5348a57fade444a25459a3d11e175a86f0e7fccf6,56
151,edt1jzo,embarrassment,sadness,negative,b9358897585c9b23d937bd1e46e51f8eee47b97050aa8acba44314afdf0762e0,30
152,edo5ajh,neutral,neutral,neutral,47613e977215867cd9def2901cfebc127ce826179750ca4af5d906de7d9bf965,39
153,ee5narr,neutral,neutral,neutral,e8b02d309380532e515262b2cfca481d01ffadc613e091766cb1fa24c9308cd6,19
154,edarftv,disapproval,anger,negative,988b58985588c951fd5de46725df8daf5fc32c3b9223a7a5338f55106e17b83c,47
155,ee5j9wk,gratitude,joy,positive,7e83dd222cf08f8e8550dc83c57019299a64d438521dfe39fd035c9678830d70,19
156,ee8x4ik,admiration,joy,positive,6c361311f25fc5f6c41e93adfa77b25cea8aac0cdeefcd3306e3d0da838ac771,84
157,edjiuwg,neutral,neutral,neutral,1311a84a6cca2a472b40bb9117d6bb9ad8e5142fe9dc74bf23895360f2d427bc,112
158,ed9qsmb,approval,joy,positive,62dbb8cfe5bf6281251d4440aedf71d6b7707c7c7b1a09ee6a7a90d438622b8d,75
159,efgetp6,neutral,neutral,neutral,6c5a7f84a22df983b01e2cf08e7e3b24535ac4036433129a95d95a027e85b6ef,129
160,edxgh62,sadness,sadness,negative,69998ef72b4fc90b64f589164be4c21cd1e0d4562f0ae60aeae95b5ae4f014c9,71
161,eewpl8e,love,joy,positive,d5a17a9b7dbfd5377be7c2fc5aaeaba72c639d7448bba6e0f980c8bcb7afb184,77
162,ef48bz1,amusement,joy,positive,6708b9f858f2f1abae301503f758ed3334e12b3e14202f3935367181d9f200dd,27
163,eew47wk,disapproval,anger,negative,688a6425cdee8500c838db57c211b33d2c5af6299ad3ca6490bf2e8c72c4c500,69
164,eeteba1,admiration,joy,positive,555cc34d9d0184c711f31e6b3ea4e9d0a63ac5c0dcf5bd295a0036a9c5ca4048,57
165,eesj4xr,neutral,neutral,neutral,2f12ddb38575fbcd39b41b76760272f7fcdf244032946094109bfd93a102c567,40
166,efh3kzm,admiration,joy,positive,23002f61a7d2b60e61ad56234e6f9b3a6f98546fa4500614c6b5f6cb0e35ff41,24
167,eehltq0,neutral,neutral,neutral,560a64746b9b390730c22a1e0d335dbba77119434075fb113c5b1275f1a5b40e,16
168,eeqlsj0,neutral,neutral,neutral,b534c0880492712896eccd7620461a032c68dab381767b185a153d253a1ee06e,131
169,ed0it1e,amusement,joy,positive,696b09f41a362703bf550405fcc157f5c8e08f1e934c69435abd0112a6f3e483,18
170,ef2264s,neutral,neutral,neutral,d96aef983997622cddd41bfbe77105c67b0e1e6b9acbb6ee0f13781100a5824d,64
171,efgto6z,neutral,neutral,neutral,2c871f0356bd88b7496c7da51a79aed44c951810fd5c886172484f0acb3a2acb,113
172,eeeb7ar,realization,surprise,ambiguous,74337b2ecb1bda66bd80d67f6542b3cb925ca0d7cfe994729bd265ab5f4f24fc,63
173,edyp9kw,admiration,joy,positive,329093f825ba35323c9b66bc2cfb243ed27d14501dd6121a9b5b64a603db5a13,23
174,eeqmrl2,neutral,neutral,neutral,adcc396d1396c47d40305abd8594cc0aafa7c17cba1d63c8fa078bef2c427f42,58
175,edo0ozh,desire,joy,positive,9d04a40f569d36da49526a8c353d68cdc24a4f025f1502cd109fa504095a6a4c,52
176,effba5v,neutral,neutral,neutral,5e9c3b8d08fe518116e71ad8a0de0a57242a6edcee72b66257d9cad73926d2a7,40
177,ee52emp,approval,joy,positive,cbdf52e26df47abb57bebcde2ccffc24487e1fa25fde614bbffee6bc082a4383,98
178,eetd9cu,disapproval,anger,negative,525d8ff0bf418130da56958edf5e7bdaaa76e53455032427100cfbc43497e3e9,83
179,ef856f5,disgust,disgust,negative,3c82b4e82257b22a6f51287ecf2ccbe2a42f51fc57ee5375c478a160d0f11789,99
180,eer3ivh,annoyance,anger,negative,9adf4841600e2d7b6334acbc3cfc830d3e3a3f0f08b8ac19975cd2ba7d47af61,20
181,edry576,neutral,neutral,neutral,ef98cdcce677cdd08cfb7b8ff81b28bb32b45ca7c31d61a0e2f8cae563996e07,45
182,edhzgg4,joy,joy,positive,8eb2eb412564cc84c3f54f5d38172e0410cb5b5ec7cc67bd706ba9a9ad4a5f7e,155
183,eed43l9,neutral,neutral,neutral,96fe55b891bb058c0372f446a715f0178b280970219e1a2a8b4da4c64b0c2850,117
184,eel7yir,love,joy,positive,63eb111fdd17f2611ba43e8b22a3b97d17fa0671f62532bbe38ea1aa7245ddcf,45
185,eeyvlxh,neutral,neutral,neutral,1d7fb5cb396cdc81484a0b6f2ea4cfb72fe6aed1bd77cf3eeef27bea3078af88,35
186,ef67xn0,fear,fear,negative,82d8b719cc3f9b6b57ebb7e67a795abaaa81c00d95fbd9b51b806fae197cdb69,31
187,ee0t7sw,love,joy,positive,36c8c520de3ced04fa1c37e094e132d98aaf2d37e9bc22e67509ba7774c0916b,26
188,edted0j,neutral,neutral,neutral,2454f5754b122568163ae0bd776af47c34064066b0bb8a85ea89694c0239bec2,100
189,eepqi96,neutral,neutral,neutral,d8f58b3c7674f74de116a5e4ae1a9e98bbe7677214e1e059b538cd1949eca547,104
190,ee2zm4w,remorse,sadness,negative,05f148763cfba24df3008b5c5658eb66b462f62a769855639057e2bce65cc88e,37
191,ed4vtot,disgust,disgust,negative,87ede814f42f0f162ba5eee01f78c98a8d7900523298b2d0f5b6ed846fe47705,52
192,efakift,relief,joy,positive,12fde7a58fa534f5009e87e1bf102651341dbe2c38b9117965b74fe58275728e,89
193,ef8teke,neutral,neutral,neutral,0daf511899eda614b59f5267ae6c64aa1b44b6511a75f4ddc532d7f409f396c5,10
194,eeng6wv,approval,joy,positive,093ab28d3a13ec6436a6701fa1ce44b87cb3702b60646e106ece0a8259aa61b7,36
195,eem52g7,annoyance,anger,negative,800d7fb52c983145cf018e837a4a1b2f6a208e27b03740400ca122e30fe2428a,94
196,edi37q6,curiosity,surprise,ambiguous,624b4ff2ca4945b3363baf0c7464ffa38c787764966137a22b4e8c3d6f8b5a14,72
197,edb7ayh,admiration,joy,positive,f6e35b05a2bf5d2a52ad5bddc55c9827ad17ec310004bbb1c1cacdcd05b8fa49,12
198,eezocyj,neutral,neutral,neutral,e76d9bf34c094e1b3386177637bfa543d28eda355e9e0ea41b3a5373696916ee,10
199,edhvqgi,annoyance,anger,negative,89898bd3e1c6eef7e2a3cd7145ecdc85effefa91b015e4c259db746697a8c609,100
200,ee2hhgz,remorse,sadness,negative,20cf62876c5c936fde316d817bdffbd7fdd001069fe44c9cc100bfd6d3cd03f9,72
201,edlf8fc,curiosity,surprise,ambiguous,f5f51142e449e4927bcd7b974760e0ae3443ca76ba625926542371bf961c2fc5,118
202,eeeybsp,love,joy,positive,6d22f4140e76b5d4575089f43a322b52260b09846cbf8476a61168c0eff9b537,77
203,ee5aehd,neutral,neutral,neutral,48e3d8970553cfe37896bc2ac2a0731a548c354c1c8d4caaf3347290a0cc4b16,83
204,eemmnhm,disappointment,sadness,negative,e0aaa96d197ebdec9d68a0d897958b9439655f262ebfc3f713e0dda4e55c64dc,76
205,edy5dg0,joy,joy,positive,fb0e21ba88b49d616930602bfd7d76678459719f90860ca1b40aace7922553d5,110
206,eeub2eq,neutral,neutral,neutral,af65bb1367a8311f3ddf6cb2f9535f29b82b273eef156246e2843a057d388810,34
207,ed6kkav,admiration,joy,positive,a81ffee70aafe9877e8d836306ce534123e05a93270cc76cad20cc4dcd0e7976,46
208,effzsws,disgust,disgust,negative,eced48e4c706385b830c06a77b1c30cf10796ea1544b7c1d8158f22a56008c3d,58
209,ed65k7z,admiration,joy,positive,99e1fda9bae3483466a988906b3f787a4c88688efe6b8561666886a4ad30495e,62
210,efdygcn,admiration,joy,positive,4138474e669cf404b53b0ebd31958927dc9443cde72da215222540327d246dd2,69
211,efeymfg,fear,fear,negative,56e668632ee78295732b8e8ee65639299c4e10199aeef0b1ca6faccdc71d4bcb,105
212,ef0vhlz,neutral,neutral,neutral,f9a760fa7247b6727eca23575c74f4fec5401956d30b03107c97536d44e26507,7
213,ef131xp,neutral,neutral,neutral,1fe2cb722d809838c6eb2193639d6f579e1817674fe9ce1bee1df84283b5429e,65
214,edg2u44,disapproval,anger,negative,45ae719053d5ea48fdff9f3d05eef8f351b16deaad8a4e5395b69144ec1e547d,127
215,eebuozc,confusion,surprise,ambiguous,bca61e9bbfe96f28c35fadf035e1f032ca34eb914fb312da5efafc5ebfab52d9,47
216,eda4ma4,neutral,neutral,neutral,0a0278fd1ac7369dd417b4d938d20a9c277f8d6cbf9757f175dc7e49150cac6d,128
217,eekzq3k,disappointment,sadness,negative,65533f436728099d08722cbc4432e1872809c479e6b43bae375dc1dc3c1a46f8,70
218,edfmk6s,anger,anger,negative,32d10d10e7913a124ecbd91ed6897b3c29660f1be39a32889db33d05d7478030,117
219,ee6kqn7,neutral,neutral,neutral,fee77a166b2ef5d276797c0fe2359738e43448689b9c468b270ca852b5f6fcf6,80
220,eeks080,annoyance,anger,negative,9afe673ba712b9d654e0eff89af788bace0820b1f11697f087b3dd1f73e6dd59,51
221,efew04b,optimism,joy,positive,cdc6841b379e1056ec4dec171e4f3a98ecb4a294a27d2519d6722544df60aabe,80
222,eeszik9,annoyance,anger,negative,88ac82b1b232336e748f22206f84dd1de3c9700121524b4eb725fd03b0bc4921,55
223,ee7xtqd,neutral,neutral,neutral,e59b63da6f209f6c2d982e9c42aebf48ef9eb4dac4ae67e218c31a27ecef11ff,24
224,eda6f9a,approval,joy,positive,67e5a002e366f9a26c37acec5d952e067f3e8e5a21546f2314dd7ae923f1c897,77
225,eczm1a6,neutral,neutral,neutral,0afdf0774a05cbfe3f2ae3ce07a5f0c0d8ce431ac8c16c92068c5522b55e734b,37
226,ef25itc,neutral,neutral,neutral,b1fa1333bde1150d5f729a8fa0bcd3fb1db527c7fa635a73986e0fc76f14eb84,75
227,ee764ok,optimism,joy,positive,5c126ddfd9df25b41a7527c88ae54934cfbb565a8a8a4fdf0806c96cac4e03aa,81
228,edg1hf0,approval,joy,positive,0831241ad7538487ba5ead0e0bfa97af6ed7b4aa0b3dc0b6607e597db1e482af,89
229,efcsywh,neutral,neutral,neutral,e491e19ebe4ff42ca766c91960bf62dcdcf3edb10f9c4cf76f91490121e11a14,97
230,ed95u8m,approval,joy,positive,9011bba4c7bffabe15d92a04b4f5b1fcb379c319bfd8a18c92b21cc40fb03015,66
231,edhrs95,caring,joy,positive,c2a03ddc416d08da8463f720f75040ae72bfb858e9ab9a030537316dc34de5e8,105
232,eebxspf,curiosity,surprise,ambiguous,eac14c98d7b1fd25449c0591fbfb0ec94b11c340054b30280a862e16277daa2f,101
233,eebt0yo,annoyance,anger,negative,61bcb475ef6adbd9614295a4e54fcf5ce3fa111c735e995f7cd764955eaee17f,79
234,edv5i27,approval,joy,positive,288ce6392f67e06ba5f0ce5028b3af4caffdfe2d52a4f665c217a3ed0303f87d,78
235,ee3pa8o,surprise,surprise,ambiguous,3ee27cdcee61114d555e896c77aab22de627a59a627db610abf4b4ef2b874fd4,86
236,ed6f0es,amusement,joy,positive,b68dc532705a5b215c6357b4bd66b5f632f9d0b2fea1cad889b97bb0b20dfcd9,89
237,een7cjm,disgust,disgust,negative,6fb5df0e6fb66288d23656ff7d275df3774d15034bf6f80f090f6d4cb28c8f91,114
238,edokegg,anger,anger,negative,ede79ce35ca24448aa5a35bc4efd31a930f301ce94a41b17862efc34b4263c45,98
239,efeu9xi,caring,joy,positive,a14e7a4b434adb5eac64f3b3fc221ea0a9f5dd37ef95d988176bba4554b90ce2,96
240,edi7nx2,disgust,disgust,negative,ed2a2cca9cb59d0ba39dbe00f83c7a9938ac6fcf9faaf42e3ec7fee678a49871,47
241,eevg200,neutral,neutral,neutral,419e3a2a0cdd7d38211fdc74347568f12d409ffcf904bf181173f5e701882192,38
242,edbhns9,excitement,joy,positive,41071b81eeea1343b7ff4f64c4426f6796b16e4f15e3054a677f1fe2fcd806f6,22
243,eeam01f,realization,surprise,ambiguous,405beaed09a96900c4b2ba661787f136df9ef7352eec822a3bcb45ea33355ea8,89
244,eeuhwe8,neutral,neutral,neutral,e8113c00dc19bb0e9006fdb0520b4f72ca5db8f097d46eb48441593bf28a2137,92
245,edfiw7l,excitement,joy,positive,227776682b65f54d9b8719285b3caf6e0a26e12a701cdc23d433814214a2269d,38
246,ee052go,disapproval,anger,negative,5b6e1e2a19c572037a078f248637eb9fc5a70afbeeec67c30816a2195446ab37,19
247,efbrh00,disappointment,sadness,negative,96ede334bfaa4a78617facd4d5eab916d4e8cd81aaf2ee9bd76c9210bdd5ab26,33
248,ee0taaw,gratitude,joy,positive,8a394e8e3f1125d4641c5b492cf89668ce3a01187aacda0aa2b7aea92960119d,19
249,eddkv5t,gratitude,joy,positive,7bb47a934dfce40671b86cd3f620cbea882f9215140264e231753ffbd2ed27b7,16
250,eee253u,neutral,neutral,neutral,65e5615d5ec1578556ce91afd45b4cc2a9d7623f01cf161fb8b72f36d15745fa,78
251,eefpe1v,neutral,neutral,neutral,fba506fa0c557f8ed7573acef678d6207f70c07d367753ebbcd36e16d4f14de2,92
252,edfoypd,neutral,neutral,neutral,9e77ae89d183fecd30a9b11b297e84b16a130de5b78ea5ef32d011171480dc40,68
253,ee3jles,disgust,disgust,negative,09d6a9f8160b93decbe86e193874875e4b66c1efab0294a3b145610eca72c168,19
254,eer85ad,curiosity,surprise,ambiguous,59870076a96b2ee5a37d2868a2e3c4adff2d49210246de62b51cfbae964565bc,61
255,edmdodp,neutral,neutral,neutral,7632c73db495183803f45522f895a81206bdc982ade77487f6384498778cb475,142
256,eemibsh,neutral,neutral,neutral,ed0624129f63210e856974d5bf4cd749b2dba872fce212cf264e5a9528e7471e,97
257,ed47lpl,confusion,surprise,ambiguous,8c7d24bcd8900d8ea00ce8ef35ec4a83f0698aec3e9ab1b4d8196099b44e2cfd,81
258,ef6ytqx,neutral,neutral,neutral,c1c8df7bd979546bb9fabe16def4ee01ce8a48941f80b9dbc1848a092c4a721f,21
259,efflnhg,admiration,joy,positive,51f062a7493429c0f94546ed87b28402ec413dd813fc6dce88afecb62f500895,129
260,eda0l6x,disgust,disgust,negative,5700313d95973d8d9b2ac1f33a52150ac734c87abb697e44cbfd90942ae8e8e1,82
261,edup2m7,neutral,neutral,neutral,308044743c78c95910ff257452e03137a39086c1d1c8204007b43d6bb5ce4e1a,33
262,efh9yyp,neutral,neutral,neutral,53e036a94854cdd38993cce510d266f41ad4e6622a21937a13bc7d7d8ea88ba8,55
263,ee06bwr,neutral,neutral,neutral,1bc8fdfa289dfc4a037e2b65b2ea0134c65207479aca304c326290dec826d256,45
264,eere3ap,admiration,joy,positive,a49c403fecd56e8960ec8e772a1d1d846a28c6c1ab6a1986d825733dca6e1329,29
265,ef1eq85,fear,fear,negative,0603ecf59e8c7b34019be9183c9e084599e0d318c501591fdccf769cde2b4f33,63
266,efdimd9,disapproval,anger,negative,db3055590a75de8960e829c1bb14dafc7be90042e0733fe0a0d60c58bb275555,120
267,eeg14j5,fear,fear,negative,b05ab4995ba77c2127ee49c25eb0974d0818e34a1eef504149c9b9ee1a8960f6,91
268,eesqysc,optimism,joy,positive,6756d04635d12648f8a5ed00d51701b1af57f386c73001fe7009cc9181786c30,75
269,eelmuh7,neutral,neutral,neutral,cef9c7e71021d2ad5f8a3d84b61361a27913ebc5f02ef64fc402c7b1839b16ab,16
270,eeamz4s,disgust,disgust,negative,71c3648bf79d24139fbd4ed7e68d8bb70b7526478ddf8cc852568478cf451b21,135
271,eddgwuz,neutral,neutral,neutral,132e0de1336ddb4c9e304e776e81890fb8fef3697390475886bc04d3a70f8b03,53
272,efc9def,approval,joy,positive,9d0c2e7bfe015711690d7d0b27bdce8112eb2fc701f3afce5e7fe8083ae90323,38
273,eef48yd,nervousness,fear,negative,f324f79e188bdbec83abb5173610ff4e195f00175f5fce46b37c022e8254acd6,85
274,ee78wzy,neutral,neutral,neutral,778573522221b1d5f9bfcf07711183b4998d9baa538bd8f28a033f3136229752,65
275,edw5iqn,neutral,neutral,neutral,257645a5b6cc67a3ed4e50b789df6fb4df686914c43471ffdd4a5c18c89d0cb0,60
276,eehfwa0,disapproval,anger,negative,ac394d57c21d29ac9efde70dff86390f41c04f84d0d824c9584f2010a37a3f80,92
277,ee8let7,approval,joy,positive,42978c71c543dc6cf105d4361969cc6f58077346acf00d3c6ddb737868a3f46b,17
278,ee48sp2,remorse,sadness,negative,5d02bab562d0cff518671e98c5803b3bb4791466dcaca0a530f8a705479df026,119
279,ed0doqm,neutral,neutral,neutral,98c7f71766327ac7ad8a1d4329e38a0c99bfe70dbd1baca7118df36a9dd58133,86
280,eerrvod,curiosity,surprise,ambiguous,f34b50fe2b0eda573d9d822f08783205932241715189c01a62872922f576916e,42
281,edr0gyg,admiration,joy,positive,94e946c60f330c167b2ebf0ff5ac6c8ebbbedd906c11a42c09d23eba576a3e75,92
282,eduwbj8,confusion,surprise,ambiguous,afa7a7b0f67c2d07ed7206f97df255bbcc762de6aae190ae4686a0bf5a8beab1,46
283,edsuxt9,neutral,neutral,neutral,9e84a85ddf3ad37ae48999562a629b472e9b343a33134b0b93e036894fda62e5,19
284,edkts4d,fear,fear,negative,70d45cfd3284ab8022161f783ed6de3f6ce0ef5e59bc3916077e0ca68ec6ecc7,34
285,edo16o4,fear,fear,negative,7834ced3c53f32b685026d02ed4280931412c6026d5eeaf5b54e6a81b078e7c7,19
286,ee2r9s6,neutral,neutral,neutral,459a59f79a05380c627247c5c65e0d06d1eb1d4bfdfe47fea53bbedf13ab2b2a,90
287,efgtm33,neutral,neutral,neutral,1ac2785a3582ba0e46cf364696a103532a99154750be77d910d82c7ea94938fc,142
288,eetrfd1,surprise,surprise,ambiguous,478061e4d106fe8dc79ff5686c3a7589832713554da84134552293336d35474e,88
289,ed8p0oy,neutral,neutral,neutral,432a6b5482c38fc5bc8f58d87d8c1be670be42558084d2b81f9ae432a5bd0303,33
290,edpr4pz,neutral,neutral,neutral,0e003d381e06ed51c322817cd988309452e2c72ce3e2172d6f9b4c12b6ba9ebf,38
291,eef0mnk,desire,joy,positive,687fa9a8477342a5cfbae5610b6602d2d09d690643d9020e2a016cd42c222613,98
292,ee5s4hc,fear,fear,negative,1da13029120c54f179aa805c42fa589e65ed8bdb5805ee1031dfc80326adad24,32
293,ed6rxsh,neutral,neutral,neutral,8d93453456f9c8a96bef31bc08f352a482edf1c92098e37147b160e4150b4096,95
294,eeunelw,neutral,neutral,neutral,99e86119840393f33f4d922f029a7e6e81fd9b42cc61cf91854fde994c24d874,150
295,edrni6g,annoyance,anger,negative,64b679ccb6f9219b2937630f318547d69569794fd7f26f488b99132ce64ca719,131
296,edd0jx1,joy,joy,positive,8cf35ca70c81043822ea46a726c9c0327578709099998c74bc8515cde5ce067a,58
297,ed003qq,sadness,sadness,negative,e2ff9fc0a257c45aed6b25fd678fdc633ead4293070ebe296ec646c4ce974305,103
298,effp5yy,neutral,neutral,neutral,185b24a8be24b822e1e4eb93492564bb26599ca400a867ed148c140328d99361,62
299,edp5e4b,surprise,surprise,ambiguous,e33d74fe655efbbe0984d540c6f811197e2fe07019f8ed025649ab412d4473ce,72
300,efficjb,neutral,neutral,neutral,3ec7b5d44f5ccefa203b676f477221c86a8f05f09f2ac93e38cfbea33ed9ae02,66
