id,verdict,sentential,normative,referential,process,data,human,atomicity,completeness,self_sufficiency,atomicity_aggregate
1,Yes,Complete,Y,Complete,Independent,Independent,Independent,Atomic,Complete,Yes,Atomic
2,Yes,Complete,Y,Complete,Independent,Independent,Independent,Atomic,Complete,Yes,Atomic
3,No,Complete,P,Complete,Independent,Independent,Dependent,,Incomplete,No,
4,No,Complete,Y,Incomplete,Independent,Independent,Independent,,Incomplete,Yes,
5,No,Incomplete,Y,Complete,Independent,Independent,Independent,,Incomplete,Yes,
6,Yes,Complete,Y,Complete,Independent,Independent,Independent,Atomic,Complete,Yes,Atomic
7,No,Complete,Y,Complete,Independent,Independent,Dependent,,Complete,No,
8,No,Complete,Y,Complete,Independent,Independent,Independent,Compound,Complete,Yes,Compound
9,No,Complete,Y,Incomplete,Independent,Independent,Independent,,Incomplete,Yes,
10,Yes,Complete,Y,Complete,Independent,Independent,Independent,Atomic,Complete,Yes,Atomic
11,Yes,Complete,Y,Complete,Independent,Independent,Independent,Atomic,Complete,Yes,Atomic
12,No,Complete,Y,Complete,Dependent,Independent,Dependent,,Complete,No,
13,Yes,Complete,Y,Complete,Independent,Independent,Independent,Atomic,Complete,Yes,Atomic
14,No,Complete,Y,Complete,Independent,Independent,Independent,Compound,Complete,Yes,Compound
15,No,Complete,Y,Complete,Independent,Independent,Independent,Compound,Complete,Yes,Compound
16,No,Complete,Y,Complete,Independent,Independent,Dependent,,Complete,No,
17,Yes,Complete,Y,Complete,Independent,Independent,Independent,Atomic,Complete,Yes,Atomic
18,Yes,Complete,Y,Complete,Independent,Independent,Independent,Atomic,Complete,Yes,Atomic
19,Yes,Complete,Y,Complete,Independent,Independent,Independent,Atomic,Complete,Yes,Atomic
20,No,Complete,N,Incomplete,Independent,Independent,Independent,,Incomplete,Yes,
21,No,Complete,Y,Complete,Independent,Independent,Independent,Compound,Complete,Yes,Compound
22,Yes,Complete,Y,Complete,Independent,Independent,Independent,Atomic,Complete,Yes,Atomic
23,Yes,Complete,Y,Complete,Independent,Independent,Independent,Atomic,Complete,Yes,Atomic
24,Yes,Complete,Y,Complete,Independent,Independent,Independent,Atomic,Complete,Yes,Atomic
25,No,Incomplete,Y,Incomplete,Independent,Independent,Independent,,Incomplete,Yes,
26,No,Complete,N,Complete,Independent,Independent,Independent,,Incomplete,Yes,
27,No,Complete,Y,Incomplete,Independent,Independent,Independent,,Incomplete,Yes,
28,No,Complete,N,Complete,Dependent,Dependent,Dependent,,Incomplete,No,
29,No,Complete,Y,Complete,Dependent,Dependent,Independent,,Complete,No,
30,No,Complete,Y,Complete,Dependent,Dependent,Independent,,Complete,No,
31,No,Complete,Y,Complete,Dependent,Dependent,Independent,,Complete,No,
32,Yes,Complete,Y,Complete,Independent,Independent,Independent,Atomic,Complete,Yes,Atomic
33,No,Complete,N,Incomplete,Independent,Independent,Independent,,Incomplete,Yes,
34,Yes,Complete,Y,Complete,Independent,Independent,Independent,Atomic,Complete,Yes,Atomic
35,No,Complete,Y,Complete,Independent,Independent,Independent,Compound,Complete,Yes,Compound
36,No,Complete,Y,Complete,Independent,Independent,Independent,Compound,Complete,Yes,Compound
37,No,Incomplete,N,Complete,Independent,Independent,Independent,,Incomplete,Yes,
38,No,Complete,Y,Complete,Dependent,Independent,Dependent,,Complete,No,
39,No,Complete,Y,Complete,Dependent,Dependent,Independent,,Complete,No,
40,No,Complete,Y,Complete,Dependent,Independent,Independent,,Complete,No,
41,Yes,Complete,Y,Complete,Independent,Independent,Independent,Atomic,Complete,Yes,Atomic
42,No,Complete,Y,Complete,Dependent,Independent,Dependent,,Complete,No,
43,Yes,Complete,Y,Complete,Independent,Independent,Independent,Atomic,Complete,Yes,Atomic
44,No,Complete,Y,Complete,Independent,Independent,Dependent,,Complete,No,
45,No,Complete,P,Incomplete,Independent,Independent,Independent,,Incomplete,Yes,
46,Yes,Complete,Y,Complete,Independent,Independent,Independent,Atomic,Complete,Yes,Atomic
47,Yes,Complete,Y,Complete,Independent,Independent,Independent,Atomic,Complete,Yes,Atomic
48,No,Complete,Y,Complete,Dependent,Independent,Independent,,Complete,No,
49,No,Complete,Y,Complete,Dependent,Independent,Independent,,Complete,No,
50,No,Complete,Y,Complete,Dependent,Independent,Independent,,Complete,No,
51,Yes,Complete,Y,Complete,Independent,Independent,Independent,Atomic,Complete,Yes,Atomic
52,No,Complete,Y,Complete,Dependent,Independent,Independent,,Complete,No,
53,No,Complete,Y,Complete,Dependent,Independent,Independent,,Complete,No,
54,Yes,Complete,Y,Complete,Independent,Independent,Independent,Atomic,Complete,Yes,Atomic
55,Yes,Complete,Y,Complete,Independent,Independent,Independent,Atomic,Complete,Yes,Atomic
56,Yes,Complete,Y,Complete,Independent,Independent,Independent,Atomic,Complete,Yes,Atomic
57,No,Complete,Y,Incomplete,Independent,Independent,Independent,,Incomplete,Yes,
58,No,Complete,N,Complete,Independent,Independent,Independent,,Incomplete,Yes,
59,No,Complete,Y,Complete,Dependent,Independent,Independent,,Complete,No,
60,No,Complete,Y,Complete,Independent,Independent,Independent,Compound,Complete,Yes,Compound
61,No,Complete,Y,Incomplete,Independent,Independent,Independent,,Incomplete,Yes,
62,No,Complete,Y,Complete,Dependent,Independent,Independent,,Complete,No,
63,No,Complete,Y,Complete,Independent,Independent,Dependent,,Complete,No,
64,No,Complete,Y,Complete,Dependent,Independent,Dependent,,Complete,No,
65,No,Complete,Y,Complete,Dependent,Dependent,Independent,,Complete,No,
66,No,Complete,Y,Incomplete,Independent,Independent,Independent,,Incomplete,Yes,
67,No,Complete,Y,Complete,Independent,Independent,Dependent,,Complete,No,
68,No,Complete,Y,Complete,Dependent,Independent,Independent,,Complete,No,
69,Yes,Complete,Y,Complete,Independent,Independent,Independent,Atomic,Complete,Yes,Atomic
70,Yes,Complete,Y,Complete,Independent,Independent,Independent,Atomic,Complete,Yes,Atomic
71,Yes,Complete,Y,Complete,Independent,Independent,Independent,Atomic,Complete,Yes,Atomic
72,Yes,Complete,Y,Complete,Independent,Independent,Independent,Atomic,Complete,Yes,Atomic
73,No,Complete,Y,Complete,Independent,Independent,Independent,Compound,Complete,Yes,Compound
74,No,Complete,Y,Complete,Dependent,Independent,Independent,,Complete,No,
75,No,Complete,Y,Complete,Independent,Independent,Independent,Compound,Complete,Yes,Compound
76,Yes,Complete,Y,Complete,Independent,Independent,Independent,Atomic,Complete,Yes,Atomic
77,No,Complete,Y,Complete,Independent,Independent,Independent,Compound,Complete,Yes,Compound
78,No,Complete,Y,Complete,Independent,Independent,Independent,Compound,Complete,Yes,Compound
79,No,Complete,Y,Complete,Dependent,Independent,Independent,,Complete,No,
80,Yes,Complete,Y,Complete,Independent,Independent,Independent,Atomic,Complete,Yes,Atomic
81,No,Complete,Y,Complete,Independent,Independent,Independent,Compound,Complete,Yes,Compound
82,Yes,Complete,Y,Complete,Independent,Independent,Independent,Atomic,Complete,Yes,Atomic
83,No,Complete,Y,Complete,Independent,Independent,Independent,Compound,Complete,Yes,Compound
84,No,Complete,P,Complete,Independent,Independent,Independent,,Incomplete,Yes,
85,Yes,Complete,Y,Complete,Independent,Independent,Independent,Atomic,Complete,Yes,Atomic
86,Yes,Complete,Y,Complete,Independent,Independent,Independent,Atomic,Complete,Yes,Atomic
87,No,Complete,Y,Incomplete,Independent,Independent,Independent,,Incomplete,Yes,
88,Yes,Complete,Y,Complete,Independent,Independent,Independent,Atomic,Complete,Yes,Atomic
89,No,Complete,P,Incomplete,Independent,Independent,Independent,,Incomplete,Yes,
90,Yes,Complete,Y,Complete,Independent,Independent,Independent,Atomic,Complete,Yes,Atomic
91,Yes,Complete,Y,Complete,Independent,Independent,Independent,Atomic,Complete,Yes,Atomic
92,Yes,Complete,Y,Complete,Independent,Independent,Independent,Atomic,Complete,Yes,Atomic
93,Yes,Complete,Y,Complete,Independent,Independent,Independent,Atomic,Complete,Yes,Atomic
94,No,Complete,P,Complete,Independent,Independent,Independent,,Incomplete,Yes,
95,No,Complete,Y,Incomplete,Independent,Independent,Independent,,Incomplete,Yes,
96,Yes,Complete,Y,Complete,Independent,Independent,Independent,Atomic,Complete,Yes,Atomic
97,Yes,Complete,Y,Complete,Independent,Independent,Independent,Atomic,Complete,Yes,Atomic
98,No,Incomplete,Y,Incomplete,Dependent,Independent,Dependent,,Incomplete,No,
99,No,Complete,P,Complete,Independent,Independent,Independent,,Incomplete,Yes,
100,No,Incomplete,Y,Complete,Dependent,Independent,Independent,,Incomplete,No,
101,Yes,Complete,Y,Complete,Independent,Independent,Independent,Atomic,Complete,Yes,Atomic
102,No,Incomplete,Y,Incomplete,Independent,Independent,Dependent,,Incomplete,No,
103,Yes,Complete,Y,Complete,Independent,Independent,Independent,Atomic,Complete,Yes,Atomic
104,Yes,Complete,Y,Complete,Independent,Independent,Independent,Atomic,Complete,Yes,Atomic
105,Yes,Complete,Y,Complete,Independent,Independent,Independent,Atomic,Complete,Yes,Atomic
106,Yes,Complete,Y,Complete,Independent,Independent,Independent,Atomic,Complete,Yes,Atomic
107,Yes,Complete,Y,Complete,Independent,Independent,Independent,Atomic,Complete,Yes,Atomic
108,No,Complete,Y,Incomplete,Independent,Independent,Dependent,,Incomplete,No,
109,Yes,Complete,Y,Complete,Independent,Independent,Independent,Atomic,Complete,Yes,Atomic
110,Yes,Complete,Y,Complete,Independent,Independent,Independent,Atomic,Complete,Yes,Atomic
111,No,Complete,Y,Complete,Dependent,Dependent,Independent,,Complete,No,
112,Yes,Complete,Y,Complete,Independent,Independent,Independent,Atomic,Complete,Yes,Atomic
113,No,Complete,Y,Complete,Independent,Independent,Independent,Compound,Complete,Yes,Compound
114,Yes,Complete,Y,Complete,Independent,Independent,Independent,Atomic,Complete,Yes,Atomic
115,Yes,Complete,Y,Complete,Independent,Independent,Independent,Atomic,Complete,Yes,Atomic
116,Yes,Complete,Y,Complete,Independent,Independent,Independent,Atomic,Complete,Yes,Atomic
117,No,Complete,Y,Incomplete,Independent,Independent,Independent,,Incomplete,Yes,
118,Yes,Complete,Y,Complete,Independent,Independent,Independent,Atomic,Complete,Yes,Atomic
119,No,Complete,Y,Complete,Independent,Independent,Dependent,,Complete,No,
120,No,Complete,Y,Complete,Dependent,Independent,Dependent,,Complete,No,
121,No,Complete,Y,Complete,Independent,Independent,Dependent,,Complete,No,
122,Yes,Complete,Y,Complete,Independent,Independent,Independent,Atomic,Complete,Yes,Atomic
123,Yes,Complete,Y,Complete,Independent,Independent,Independent,Atomic,Complete,Yes,Atomic
124,Yes,Complete,Y,Complete,Independent,Independent,Independent,Atomic,Complete,Yes,Atomic
125,No,Incomplete,Y,Complete,Independent,Independent,Independent,,Incomplete,Yes,
126,No,Complete,Y,Complete,Independent,Independent,Dependent,,Complete,No,
127,Yes,Complete,Y,Complete,Independent,Independent,Independent,Atomic,Complete,Yes,Atomic
128,No,Complete,N,Incomplete,Independent,Independent,Independent,,Incomplete,Yes,
129,Yes,Complete,Y,Complete,Independent,Independent,Independent,Atomic,Complete,Yes,Atomic
130,Yes,Complete,Y,Complete,Independent,Independent,Independent,Atomic,Complete,Yes,Atomic
131,Yes,Complete,Y,Complete,Independent,Independent,Independent,Atomic,Complete,Yes,Atomic
132,Yes,Complete,Y,Complete,Independent,Independent,Independent,Atomic,Complete,Yes,Atomic
133,No,Complete,Y,Complete,Independent,Independent,Independent,Compound,Complete,Yes,Compound
134,No,Complete,Y,Complete,Independent,Independent,Independent,Compound,Complete,Yes,Compound
135,Yes,Complete,Y,Complete,Independent,Independent,Independent,Atomic,Complete,Yes,Atomic
136,Yes,Complete,Y,Complete,Independent,Independent,Independent,Atomic,Complete,Yes,Atomic
137,Yes,Complete,Y,Complete,Independent,Independent,Independent,Atomic,Complete,Yes,Atomic
138,Yes,Complete,Y,Complete,Independent,Independent,Independent,Atomic,Complete,Yes,Atomic
139,Yes,Complete,Y,Complete,Independent,Independent,Independent,Atomic,Complete,Yes,Atomic
140,No,Complete,Y,Complete,Independent,Independent,Dependent,,Complete,No,
141,No,Complete,Y,Complete,Independent,Independent,Independent,Compound,Complete,Yes,Compound
142,Yes,Complete,Y,Complete,Independent,Independent,Independent,Atomic,Complete,Yes,Atomic
143,Yes,Complete,Y,Complete,Independent,Independent,Independent,Atomic,Complete,Yes,Atomic
144,No,Complete,N,Complete,Independent,Independent,Dependent,,Incomplete,No,
145,Yes,Complete,Y,Complete,Independent,Independent,Independent,Atomic,Complete,Yes,Atomic
146,Yes,Complete,Y,Complete,Independent,Independent,Independent,Atomic,Complete,Yes,Atomic
147,Yes,Complete,Y,Complete,Independent,Independent,Independent,Atomic,Complete,Yes,Atomic
148,No,Complete,Y,Complete,Independent,Independent,Independent,Compound,Complete,Yes,Compound
149,No,Complete,Y,Complete,Independent,Independent,Dependent,,Complete,No,
150,Yes,Complete,Y,Complete,Independent,Independent,Independent,Atomic,Complete,Yes,Atomic
151,Yes,Complete,Y,Complete,Independent,Independent,Independent,Atomic,Complete,Yes,Atomic
152,No,Complete,Y,Complete,Dependent,Independent,Independent,,Complete,No,
153,Yes,Complete,Y,Complete,Independent,Independent,Independent,Atomic,Complete,Yes,Atomic
154,No,Complete,Y,Complete,Independent,Independent,Independent,Compound,Complete,Yes,Compound
155,No,Complete,Y,Complete,Dependent,Independent,Independent,,Complete,No,
156,Yes,Complete,Y,Complete,Independent,Independent,Independent,Atomic,Complete,Yes,Atomic
157,No,Complete,Y,Complete,Dependent,Dependent,Independent,,Complete,No,
158,No,Complete,Y,Complete,Independent,Independent,Dependent,,Complete,No,
159,No,Complete,P,Complete,Independent,Independent,Independent,,Incomplete,Yes,
160,Yes,Complete,Y,Complete,Independent,Independent,Independent,Atomic,Complete,Yes,Atomic
161,Yes,Complete,Y,Complete,Independent,Independent,Independent,Atomic,Complete,Yes,Atomic
162,No,Complete,Y,Complete,Independent,Dependent,Independent,,Complete,No,
163,No,Complete,P,Complete,Independent,Independent,Independent,,Incomplete,Yes,
164,Yes,Complete,Y,Complete,Independent,Independent,Independent,Atomic,Complete,Yes,Atomic
165,No,Complete,Y,Complete,Dependent,Dependent,Independent,,Complete,No,
166,Yes,Complete,Y,Complete,Independent,Independent,Independent,Atomic,Complete,Yes,Atomic
167,No,Complete,N,Complete,Independent,Independent,Independent,,Incomplete,Yes,
168,Yes,Complete,Y,Complete,Independent,Independent,Independent,Atomic,Complete,Yes,Atomic
169,No,Complete,Y,Incomplete,Independent,Independent,Independent,,Incomplete,Yes,
170,Yes,Complete,Y,Complete,Independent,Independent,Independent,Atomic,Complete,Yes,Atomic
171,Yes,Complete,Y,Complete,Independent,Independent,Independent,Atomic,Complete,Yes,Atomic
172,No,Complete,Compound,Complete,Independent,Independent,Independent,Compound,Complete,Yes,Compound
173,No,Complete,Y,Complete,Independent,Independent,Independent,Compound,Complete,Yes,Compound
174,No,Complete,Y,Complete,Dependent,Independent,Independent,,Complete,No,
175,No,Complete,P,Complete,Independent,Independent,Dependent,,Incomplete,No,
176,No,Complete,Y,Complete,Dependent,Dependent,Independent,,Complete,No,
177,Yes,Complete,Y,Complete,Independent,Independent,Independent,Atomic,Complete,Yes,Atomic
178,No,Complete,Y,Complete,Independent,Independent,Dependent,,Complete,No,
179,No,Complete,P,Complete,Independent,Independent,Independent,,Incomplete,Yes,
180,No,Incomplete,Y,Complete,Independent,Independent,Independent,,Incomplete,Yes,
181,Yes,Complete,Y,Complete,Independent,Independent,Independent,Atomic,Complete,Yes,Atomic
182,No,Complete,Y,Complete,Independent,Independent,Independent,Compound,Complete,Yes,Compound
183,No,Complete,P,Complete,Independent,Independent,Dependent,,Incomplete,No,
184,Yes,Complete,Y,Complete,Independent,Independent,Independent,Atomic,Complete,Yes,Atomic
185,No,Complete,Y,Complete,Independent,Independent,Independent,Compound,Complete,Yes,Compound
186,Yes,Complete,Y,Complete,Independent,Independent,Independent,Atomic,Complete,Yes,Atomic
187,No,Complete,Y,Complete,Independent,Independent,Dependent,,Complete,No,
188,No,Complete,Y,Complete,Dependent,Independent,Independent,,Complete,No,
189,Yes,Complete,Y,Complete,Independent,Independent,Independent,Atomic,Complete,Yes,Atomic
190,Yes,Complete,Y,Complete,Independent,Independent,Independent,Atomic,Complete,Yes,Atomic
191,Yes,Complete,Y,Complete,Independent,Independent,Independent,Atomic,Complete,Yes,Atomic
192,Yes,Complete,Y,Complete,Independent,Independent,Independent,Atomic,Complete,Yes,Atomic
193,No,Complete,Y,Complete,Dependent,Independent,Dependent,,Complete,No,
194,No,Complete,Y,Incomplete,Independent,Independent,Independent,,Incomplete,Yes,
195,No,Complete,Y,Complete,Independent,Independent,Independent,Compound,Complete,Yes,Compound
196,No,Complete,P,Complete,Independent,Independent,Independent,,Incomplete,Yes,
197,No,Complete,Y,Complete,Independent,Independent,Independent,Compound,Complete,Yes,Compound
198,No,Complete,Y,Complete,Independent,Dependent,Independent,,Complete,No,
199,No,Complete,Y,Complete,Independent,Dependent,Independent,,Complete,No,
200,Yes,Complete,Y,Complete,Independent,Independent,Independent,Atomic,Complete,Yes,Atomic
201,Yes,Complete,Y,Complete,Independent,Independent,Independent,Atomic,Complete,Yes,Atomic
202,Yes,Complete,Y,Complete,Independent,Independent,Independent,Atomic,Complete,Yes,Atomic
203,No,Complete,Y,Complete,Dependent,Dependent,Dependent,,Complete,No,
204,No,Complete,P,Complete,Independent,Independent,Dependent,,Incomplete,No,
205,No,Complete,Y,Complete,Independent,Independent,Dependent,,Complete,No,
206,No,Complete,N,Complete,Independent,Independent,Independent,,Incomplete,Yes,
207,No,Complete,Y,Complete,Dependent,Dependent,Independent,,Complete,No,
208,Yes,Complete,Y,Complete,Independent,Independent,Independent,Atomic,Complete,Yes,Atomic
209,Yes,Complete,Y,Complete,Independent,Independent,Independent,Atomic,Complete,Yes,Atomic
210,Yes,Complete,Y,Complete,Independent,Independent,Independent,Atomic,Complete,Yes,Atomic
211,Yes,Complete,Y,Complete,Independent,Independent,Independent,Atomic,Complete,Yes,Atomic
212,No,Complete,Y,Complete,Dependent,Dependent,Independent,,Complete,No,
213,No,Complete,Y,Complete,Dependent,Dependent,Dependent,,Complete,No,
214,No,Complete,N,Complete,Independent,Independent,Independent,,Incomplete,Yes,
215,No,Complete,Y,Complete,Dependent,Independent,Independent,,Complete,No,
216,No,Complete,Y,Complete,Dependent,Independent,Independent,,Complete,No,
217,No,Complete,Y,Complete,Independent,Independent,Independent,Compound,Complete,Yes,Compound
218,Yes,Complete,Y,Complete,Independent,Independent,Independent,Atomic,Complete,Yes,Atomic
219,No,Complete,Y,Complete,Independent,Dependent,Independent,,Complete,No,
220,Yes,Complete,Y,Complete,Independent,Independent,Independent,Atomic,Complete,Yes,Atomic
221,No,Complete,Y,Complete,Independent,Independent,Dependent,,Complete,No,
222,No,Complete,Y,Complete,Independent,Independent,Dependent,,Complete,No,
223,No,Complete,Y,Incomplete,Dependent,Independent,Independent,,Incomplete,No,
224,No,Complete,Y,Complete,Dependent,Dependent,Independent,,Complete,No,
225,No,Complete,N,Complete,Independent,Independent,Independent,,Incomplete,Yes,
226,Yes,Complete,Y,Complete,Independent,Independent,Independent,Atomic,Complete,Yes,Atomic
227,No,Complete,Y,Complete,Dependent,Independent,Independent,,Complete,No,
228,No,Complete,Y,Complete,Dependent,Dependent,Independent,,Complete,No,
229,No,Complete,Y,Complete,Dependent,Dependent,Independent,,Complete,No,
230,No,Complete,Y,Complete,Independent,Independent,Independent,Compound,Complete,Yes,Compound
231,No,Complete,N,Complete,Independent,Independent,Independent,,Incomplete,Yes,
232,No,Complete,Y,Complete,Independent,Independent,Independent,Compound,Complete,Yes,Compound
233,No,Complete,Y,Complete,Dependent,Independent,Independent,,Complete,No,
234,Yes,Complete,Y,Complete,Independent,Independent,Independent,Atomic,Complete,Yes,Atomic
235,No,Complete,Y,Complete,Independent,Dependent,Independent,,Complete,No,
236,Yes,Complete,Y,Complete,Independent,Independent,Independent,Atomic,Complete,Yes,Atomic
237,No,Complete,N,Complete,Independent,Independent,Independent,,Incomplete,Yes,
238,Yes,Complete,Y,Complete,Independent,Independent,Independent,Atomic,Complete,Yes,Atomic
239,Yes,Complete,Y,Complete,Independent,Independent,Independent,Atomic,Complete,Yes,Atomic
240,Yes,Complete,Y,Complete,Independent,Independent,Independent,Atomic,Complete,Yes,Atomic
241,No,Complete,P,Complete,Independent,Independent,Dependent,,Incomplete,No,
242,No,Complete,Y,Complete,Dependent,Dependent,Independent,,Complete,No,
243,No,Complete,Y,Complete,Dependent,Dependent,Independent,,Complete,No,
244,No,Complete,Y,Complete,Dependent,Dependent,Independent,,Complete,No,
245,No,Complete,Y,Complete,Dependent,Dependent,Independent,,Complete,No,
246,Yes,Complete,Y,Complete,Independent,Independent,Independent,Atomic,Complete,Yes,Atomic
247,No,Complete,Y,Complete,Dependent,Independent,Independent,,Complete,No,
248,No,Complete,Y,Complete,Dependent,Independent,Independent,,Complete,No,
249,Yes,Complete,Y,Complete,Independent,Independent,Independent,Atomic,Complete,Yes,Atomic
250,Yes,Complete,Y,Complete,Independent,Independent,Independent,Atomic,Complete,Yes,Atomic
251,Yes,Complete,Y,Complete,Independent,Independent,Independent,Atomic,Complete,Yes,Atomic
252,Yes,Complete,Y,Complete,Independent,Independent,Independent,Atomic,Complete,Yes,Atomic
253,Yes,Complete,Y,Complete,Independent,Independent,Independent,Atomic,Complete,Yes,Atomic
254,Yes,Complete,Y,Complete,Independent,Independent,Independent,Atomic,Complete,Yes,Atomic
255,No,Complete,N,Complete,Independent,Independent,Independent,,Incomplete,Yes,
256,No,Complete,N,Incomplete,Dependent,Dependent,Independent,,Incomplete,No,
257,No,Complete,N,Complete,Independent,Independent,Independent,,Incomplete,Yes,
258,No,Complete,Y,Complete,Dependent,Dependent,Independent,,Complete,No,
259,No,Complete,Y,Incomplete,Independent,Independent,Independent,,Incomplete,Yes,
260,No,Complete,N,Complete,Dependent,Dependent,Independent,,Incomplete,No,
261,No,Complete,Y,Complete,Dependent,Dependent,Independent,,Complete,No,
262,No,Complete,Y,Complete,Independent,Dependent,Independent,,Complete,No,
263,No,Complete,N,Complete,Independent,Independent,Independent,,Incomplete,Yes,
264,No,Complete,N,Complete,Dependent,Dependent,Independent,,Incomplete,No,
265,Yes,Complete,Y,Complete,Independent,Independent,Independent,Atomic,Complete,Yes,Atomic
266,Yes,Complete,Y,Complete,Independent,Independent,Independent,Atomic,Complete,Yes,Atomic
267,No,Complete,Y,Complete,Dependent,Independent,Independent,,Complete,No,
268,Yes,Complete,Y,Complete,Independent,Independent,Independent,Atomic,Complete,Yes,Atomic
269,Yes,Complete,Y,Complete,Independent,Independent,Independent,Atomic,Complete,Yes,Atomic
270,No,Complete,Y,Complete,Independent,Independent,Independent,Compound,Complete,Yes,Compound
271,Yes,Complete,Y,Complete,Independent,Independent,Independent,Atomic,Complete,Yes,Atomic
272,No,Complete,Y,Complete,Independent,Independent,Independent,Compound,Complete,Yes,Compound
273,Yes,Complete,Y,Complete,Independent,Independent,Independent,Atomic,Complete,Yes,Atomic
274,Yes,Complete,Y,Complete,Independent,Independent,Independent,Atomic,Complete,Yes,Atomic
275,Yes,Complete,Y,Complete,Independent,Independent,Independent,Atomic,Complete,Yes,Atomic
276,No,Complete,Y,Complete,Dependent,Independent,Independent,,Complete,No,
277,Yes,Complete,Y,Complete,Independent,Independent,Independent,Atomic,Complete,Yes,Atomic
278,Yes,Complete,Y,Complete,Independent,Independent,Independent,Atomic,Complete,Yes,Atomic
279,Yes,Complete,Y,Complete,Independent,Independent,Independent,Atomic,Complete,Yes,Atomic
280,No,Complete,Y,Complete,Dependent,Dependent,Independent,,Complete,No,
281,Yes,Complete,Y,Complete,Independent,Independent,Independent,Atomic,Complete,Yes,Atomic
282,Yes,Complete,Y,Complete,Independent,Independent,Independent,Atomic,Complete,Yes,Atomic
283,Yes,Complete,Y,Complete,Independent,Independent,Independent,Atomic,Complete,Yes,Atomic
284,No,Complete,Y,Complete,Independent,Independent,Independent,Compound,Complete,Yes,Compound
285,Yes,Complete,Y,Complete,Independent,Independent,Independent,Atomic,Complete,Yes,Atomic
286,No,Complete,Y,Complete,Independent,Independent,Independent,Compound,Complete,Yes,Compound
287,No,Complete,Y,Complete,Independent,Independent,Independent,Compound,Complete,Yes,Compound
288,Yes,Complete,Y,Complete,Independent,Independent,Independent,Atomic,Complete,Yes,Atomic
289,No,Complete,Y,Complete,Independent,Independent,Independent,Compound,Complete,Yes,Compound
290,Yes,Complete,Y,Complete,Independent,Independent,Independent,Atomic,Complete,Yes,Atomic
291,Yes,Complete,Y,Complete,Independent,Independent,Independent,Atomic,Complete,Yes,Atomic
292,Yes,Complete,Y,Complete,Independent,Independent,Independent,Atomic,Complete,Yes,Atomic
293,Yes,Complete,Y,Complete,Independent,Independent,Independent,Atomic,Complete,Yes,Atomic
294,Yes,Complete,Y,Complete,Independent,Independent,Independent,Atomic,Complete,Yes,Atomic
295,Yes,Complete,Y,Complete,Independent,Independent,Independent,Atomic,Complete,Yes,Atomic
296,Yes,Complete,Y,Complete,Independent,Independent,Independent,Atomic,Complete,Yes,Atomic
297,Yes,Complete,Y,Complete,Independent,Independent,Independent,Atomic,Complete,Yes,Atomic
298,Yes,Complete,Y,Complete,Independent,Independent,Independent,Atomic,Complete,Yes,Atomic
299,Yes,Complete,Y,Complete,Independent,Independent,Independent,Atomic,Complete,Yes,Atomic
300,Yes,Complete,Y,Complete,Independent,Independent,Independent,Atomic,Complete,Yes,Atomic
301,Yes,Complete,Y,Complete,Independent,Independent,Independent,Atomic,Complete,Yes,Atomic
302,Yes,Complete,Y,Complete,Independent,Independent,Independent,Atomic,Complete,Yes,Atomic
303,Yes,Complete,Y,Complete,Independent,Independent,Independent,Atomic,Complete,Yes,Atomic
304,Yes,Complete,Y,Complete,Independent,Independent,Independent,Atomic,Complete,Yes,Atomic
305,Yes,Complete,Y,Complete,Independent,Independent,Independent,Atomic,Complete,Yes,Atomic
306,Yes,Complete,Y,Complete,Independent,Independent,Independent,Atomic,Complete,Yes,Atomic
307,Yes,Complete,Y,Complete,Independent,Independent,Independent,Atomic,Complete,Yes,Atomic
308,Yes,Complete,Y,Complete,Independent,Independent,Independent,Atomic,Complete,Yes,Atomic
309,No,Complete,Y,Complete,Independent,Independent,Dependent,,Complete,No,
310,Yes,Complete,Y,Complete,Independent,Independent,Independent,Atomic,Complete,Yes,Atomic
311,No,Complete,Y,Complete,Independent,Independent,Independent,Compound,Complete,Yes,Compound
312,Yes,Complete,Y,Complete,Independent,Independent,Independent,Atomic,Complete,Yes,Atomic
313,No,Complete,Y,Complete,Independent,Dependent,Independent,,Complete,No,
314,Yes,Complete,Y,Complete,Independent,Independent,Independent,Atomic,Complete,Yes,Atomic
315,Yes,Complete,Y,Complete,Independent,Independent,Independent,Atomic,Complete,Yes,Atomic
316,No,Complete,Y,Complete,Independent,Independent,Dependent,,Complete,No,
317,No,Complete,Y,Complete,Independent,Independent,Dependent,,Complete,No,
318,Yes,Complete,Y,Complete,Independent,Independent,Independent,Atomic,Complete,Yes,Atomic
319,No,Complete,Y,Complete,Independent,Independent,Dependent,,Complete,No,
320,No,Complete,Y,Complete,Independent,Independent,Dependent,,Complete,No,
321,No,Complete,Y,Complete,Independent,Independent,Dependent,,Complete,No,
322,No,Complete,Y,Complete,Independent,Independent,Dependent,,Complete,No,
323,No,Complete,N,Complete,Independent,Independent,Independent,,Incomplete,Yes,
324,Yes,Complete,Y,Complete,Independent,Independent,Independent,Atomic,Complete,Yes,Atomic
325,Yes,Complete,Y,Complete,Independent,Independent,Independent,Atomic,Complete,Yes,Atomic
326,Yes,Complete,Y,Complete,Independent,Independent,Independent,Atomic,Complete,Yes,Atomic
327,Yes,Complete,Y,Complete,Independent,Independent,Independent,Atomic,Complete,Yes,Atomic
328,No,Complete,Y,Complete,Independent,Independent,Independent,Compound,Complete,Yes,Compound
329,No,Complete,Y,Complete,Independent,Independent,Independent,Compound,Complete,Yes,Compound
330,No,Complete,Y,Complete,Independent,Independent,Independent,Compound,Complete,Yes,Compound
331,Yes,Complete,Y,Complete,Independent,Independent,Independent,Atomic,Complete,Yes,Atomic
332,Yes,Complete,Y,Complete,Independent,Independent,Independent,Atomic,Complete,Yes,Atomic
333,Yes,Complete,Y,Complete,Independent,Independent,Independent,Atomic,Complete,Yes,Atomic
334,Yes,Complete,Y,Complete,Independent,Independent,Independent,Atomic,Complete,Yes,Atomic
335,Yes,Complete,Y,Complete,Independent,Independent,Independent,Atomic,Complete,Yes,Atomic
336,Yes,Complete,Y,Complete,Independent,Independent,Independent,Atomic,Complete,Yes,Atomic
337,Yes,Complete,Y,Complete,Independent,Independent,Independent,Atomic,Complete,Yes,Atomic
338,Yes,Complete,Y,Complete,Independent,Independent,Independent,Atomic,Complete,Yes,Atomic
339,Yes,Complete,Y,Complete,Independent,Independent,Independent,Atomic,Complete,Yes,Atomic
340,No,Complete,Y,Complete,Dependent,Independent,Independent,,Complete,No,
341,Yes,Complete,Y,Complete,Independent,Independent,Independent,Atomic,Complete,Yes,Atomic
342,Yes,Complete,Y,Complete,Independent,Independent,Independent,Atomic,Complete,Yes,Atomic
343,Yes,Complete,Y,Complete,Independent,Independent,Independent,Atomic,Complete,Yes,Atomic
344,Yes,Complete,Y,Complete,Independent,Independent,Independent,Atomic,Complete,Yes,Atomic
345,Yes,Complete,Y,Complete,Independent,Independent,Independent,Atomic,Complete,Yes,Atomic
346,No,Complete,Y,Complete,Independent,Independent,Independent,Compound,Complete,Yes,Compound
347,No,Complete,Y,Complete,Independent,Independent,Independent,Compound,Complete,Yes,Compound
348,No,Complete,Y,Complete,Dependent,Dependent,Dependent,,Complete,No,
349,No,Complete,Y,Complete,Dependent,Dependent,Independent,,Complete,No,
350,No,Complete,Y,Complete,Independent,Independent,Independent,Compound,Complete,Yes,Compound
351,No,Complete,Y,Complete,Independent,Independent,Independent,Compound,Complete,Yes,Compound
352,Yes,Complete,Y,Complete,Independent,Independent,Independent,Atomic,Complete,Yes,Atomic
353,Yes,Complete,Y,Complete,Independent,Independent,Independent,Atomic,Complete,Yes,Atomic
354,Yes,Complete,Y,Complete,Independent,Independent,Independent,Atomic,Complete,Yes,Atomic
355,Yes,Complete,Y,Complete,Independent,Independent,Independent,Atomic,Complete,Yes,Atomic
356,Yes,Complete,Y,Complete,Independent,Independent,Independent,Atomic,Complete,Yes,Atomic
357,No,Complete,Y,Complete,Independent,Independent,Independent,Compound,Complete,Yes,Compound
358,Yes,Complete,Y,Complete,Independent,Independent,Independent,Atomic,Complete,Yes,Atomic
359,Yes,Complete,Y,Complete,Independent,Independent,Independent,Atomic,Complete,Yes,Atomic
360,No,Complete,Y,Complete,Independent,Independent,Independent,Compound,Complete,Yes,Compound
361,No,Complete,Y,Complete,Independent,Independent,Dependent,,Complete,No,
362,Yes,Complete,Y,Complete,Independent,Independent,Independent,Atomic,Complete,Yes,Atomic
363,Yes,Complete,Y,Complete,Independent,Independent,Independent,Atomic,Complete,Yes,Atomic
364,Yes,Complete,Y,Complete,Independent,Independent,Independent,Atomic,Complete,Yes,Atomic
365,Yes,Complete,Y,Complete,Independent,Independent,Independent,Atomic,Complete,Yes,Atomic
366,Yes,Complete,Y,Complete,Independent,Independent,Independent,Atomic,Complete,Yes,Atomic
367,Yes,Complete,Y,Complete,Independent,Independent,Independent,Atomic,Complete,Yes,Atomic
368,No,Complete,Y,Complete,Independent,Independent,Independent,Compound,Complete,Yes,Compound
369,No,Complete,Y,Incomplete,Dependent,Independent,Independent,,Incomplete,No,
370,No,Complete,Y,Complete,Independent,Independent,Independent,Compound,Complete,Yes,Compound
371,Yes,Complete,Y,Complete,Independent,Independent,Independent,Atomic,Complete,Yes,Atomic
372,Yes,Complete,Y,Complete,Independent,Independent,Independent,Atomic,Complete,Yes,Atomic
373,Yes,Complete,Y,Complete,Independent,Independent,Independent,Atomic,Complete,Yes,Atomic
374,No,Complete,Y,Complete,Dependent,Dependent,Independent,,Complete,No,
375,Yes,Complete,Y,Complete,Independent,Independent,Independent,Atomic,Complete,Yes,Atomic
376,No,Complete,Y,Complete,Independent,Independent,Independent,Compound,Complete,Yes,Compound
377,Yes,Complete,Y,Complete,Independent,Independent,Independent,Atomic,Complete,Yes,Atomic
378,Yes,Complete,Y,Complete,Independent,Independent,Independent,Atomic,Complete,Yes,Atomic
379,Yes,Complete,Y,Complete,Independent,Independent,Independent,Atomic,Complete,Yes,Atomic
380,Yes,Complete,Y,Complete,Independent,Independent,Independent,Atomic,Complete,Yes,Atomic
381,No,Complete,Y,Complete,Independent,Independent,Independent,Compound,Complete,Yes,Compound
382,Yes,Complete,Y,Complete,Independent,Independent,Independent,Atomic,Complete,Yes,Atomic
383,Yes,Complete,Y,Complete,Independent,Independent,Independent,Atomic,Complete,Yes,Atomic
384,Yes,Complete,Y,Complete,Independent,Independent,Independent,Atomic,Complete,Yes,Atomic
385,Yes,Complete,Y,Complete,Independent,Independent,Independent,Atomic,Complete,Yes,Atomic
386,Yes,Complete,Y,Complete,Independent,Independent,Independent,Atomic,Complete,Yes,Atomic
387,No,Complete,Y,Complete,Dependent,Independent,Independent,,Complete,No,
388,No,Complete,Y,Complete,Independent,Independent,Independent,Compound,Complete,Yes,Compound
389,Yes,Complete,Y,Complete,Independent,Independent,Independent,Atomic,Complete,Yes,Atomic
390,Yes,Complete,Y,Complete,Independent,Independent,Independent,Atomic,Complete,Yes,Atomic
391,No,Complete,Y,Complete,Independent,Independent,Independent,Compound,Complete,Yes,Compound
392,Yes,Complete,Y,Complete,Independent,Independent,Independent,Atomic,Complete,Yes,Atomic
393,No,Complete,Y,Complete,Independent,Independent,Independent,Compound,Complete,Yes,Compound
394,Yes,Complete,Y,Complete,Independent,Independent,Independent,Atomic,Complete,Yes,Atomic
395,No,Complete,Y,Complete,Dependent,Dependent,Independent,,Complete,No,
396,Yes,Complete,Y,Complete,Independent,Independent,Independent,Atomic,Complete,Yes,Atomic
397,No,Complete,Y,Incomplete,Dependent,Dependent,Independent,,Incomplete,No,
398,No,Complete,Y,Complete,Dependent,Dependent,Independent,,Complete,No,
399,No,Complete,Y,Complete,Dependent,Dependent,Independent,,Complete,No,
400,No,Complete,Y,Complete,Dependent,Dependent,Independent,,Complete,No,
401,No,Complete,Y,Complete,Dependent,Independent,Independent,,Complete,No,
402,Yes,Complete,Y,Complete,Independent,Independent,Independent,Atomic,Complete,Yes,Atomic
403,No,Complete,Y,Complete,Independent,Independent,Independent,Compound,Complete,Yes,Compound
404,No,Complete,Y,Complete,Independent,Independent,Dependent,,Complete,No,
405,No,Complete,Y,Complete,Independent,Dependent,Independent,,Complete,No,
406,No,Complete,Y,Complete,Dependent,Dependent,Independent,,Complete,No,
407,No,Complete,Y,Incomplete,Dependent,Dependent,Dependent,,Incomplete,No,
408,Yes,Complete,Y,Complete,Independent,Independent,Independent,Atomic,Complete,Yes,Atomic
409,No,Complete,Y,Complete,Dependent,Dependent,Independent,,Complete,No,
410,Yes,Complete,Y,Complete,Independent,Independent,Independent,Atomic,Complete,Yes,Atomic
411,Yes,Complete,Y,Complete,Independent,Independent,Independent,Atomic,Complete,Yes,Atomic
412,Yes,Complete,Y,Complete,Independent,Independent,Independent,Atomic,Complete,Yes,Atomic
413,No,Complete,N,Complete,Independent,Independent,Independent,,Incomplete,Yes,
414,No,Complete,N,Complete,Independent,Independent,Independent,,Incomplete,Yes,
415,Yes,Complete,Y,Complete,Independent,Independent,Independent,Atomic,Complete,Yes,Atomic
416,Yes,Complete,Y,Complete,Independent,Independent,Independent,Atomic,Complete,Yes,Atomic
417,Yes,Complete,Y,Complete,Independent,Independent,Independent,Atomic,Complete,Yes,Atomic
418,Yes,Complete,Y,Complete,Independent,Independent,Independent,Atomic,Complete,Yes,Atomic
419,No,Complete,Y,Complete,Independent,Independent,Dependent,,Complete,No,
420,No,Complete,Y,Complete,Independent,Independent,Dependent,,Complete,No,
421,Yes,Complete,Y,Complete,Independent,Independent,Independent,Atomic,Complete,Yes,Atomic
422,Yes,Complete,Y,Complete,Independent,Independent,Independent,Atomic,Complete,Yes,Atomic
423,No,Complete,Y,Complete,Dependent,Independent,Independent,,Complete,No,
424,Yes,Complete,Y,Complete,Independent,Independent,Independent,Atomic,Complete,Yes,Atomic
425,Yes,Complete,Y,Complete,Independent,Independent,Independent,Atomic,Complete,Yes,Atomic
426,Yes,Complete,Y,Complete,Independent,Independent,Independent,Atomic,Complete,Yes,Atomic
427,Yes,Complete,Y,Complete,Independent,Independent,Independent,Atomic,Complete,Yes,Atomic
428,No,Complete,Y,Complete,Independent,Independent,Independent,Compound,Complete,Yes,Compound
429,Yes,Complete,Y,Complete,Independent,Independent,Independent,Atomic,Complete,Yes,Atomic
430,Yes,Complete,Y,Complete,Independent,Independent,Independent,Atomic,Complete,Yes,Atomic
431,Yes,Complete,Y,Complete,Independent,Independent,Independent,Atomic,Complete,Yes,Atomic
432,Yes,Complete,Y,Complete,Independent,Independent,Independent,Atomic,Complete,Yes,Atomic
433,Yes,Complete,Y,Complete,Independent,Independent,Independent,Atomic,Complete,Yes,Atomic
434,Yes,Complete,Y,Complete,Independent,Independent,Independent,Atomic,Complete,Yes,Atomic
435,Yes,Complete,Y,Complete,Independent,Independent,Independent,Atomic,Complete,Yes,Atomic
436,Yes,Complete,Y,Complete,Independent,Independent,Independent,Atomic,Complete,Yes,Atomic
437,Yes,Complete,Y,Complete,Independent,Independent,Independent,Atomic,Complete,Yes,Atomic
438,Yes,Complete,Y,Complete,Independent,Independent,Independent,Atomic,Complete,Yes,Atomic
439,Yes,Complete,Y,Complete,Independent,Independent,Independent,Atomic,Complete,Yes,Atomic
440,No,Complete,Y,Complete,Independent,Independent,Independent,Compound,Complete,Yes,Compound
441,Yes,Complete,Y,Complete,Independent,Independent,Independent,Atomic,Complete,Yes,Atomic
442,Yes,Complete,Y,Complete,Independent,Independent,Independent,Atomic,Complete,Yes,Atomic
443,Yes,Complete,Y,Complete,Independent,Independent,Independent,Atomic,Complete,Yes,Atomic
444,No,Complete,Y,Complete,Independent,Independent,Independent,Compound,Complete,Yes,Compound
445,Yes,Complete,Y,Complete,Independent,Independent,Independent,Atomic,Complete,Yes,Atomic
446,Yes,Complete,Y,Complete,Independent,Independent,Independent,Atomic,Complete,Yes,Atomic
447,Yes,Complete,Y,Complete,Independent,Independent,Independent,Atomic,Complete,Yes,Atomic
448,Yes,Complete,Y,Complete,Independent,Independent,Independent,Atomic,Complete,Yes,Atomic
449,Yes,Complete,Y,Complete,Independent,Independent,Independent,Atomic,Complete,Yes,Atomic
450,No,Complete,Y,Complete,Dependent,Dependent,Independent,,Complete,No,
451,Yes,Complete,Y,Complete,Independent,Independent,Independent,Atomic,Complete,Yes,Atomic
452,No,Complete,Y,Complete,Dependent,Dependent,Independent,,Complete,No,
453,Yes,Complete,Y,Complete,Independent,Independent,Independent,Atomic,Complete,Yes,Atomic
454,No,Complete,Y,Complete,Dependent,Independent,Independent,,Complete,No,
455,Yes,Complete,Y,Complete,Independent,Independent,Independent,Atomic,Complete,Yes,Atomic
456,No,Complete,Y,Complete,Dependent,Independent,Independent,,Complete,No,
457,No,Complete,Y,Complete,Dependent,Independent,Independent,,Complete,No,
458,Yes,Complete,Y,Complete,Independent,Independent,Independent,Atomic,Complete,Yes,Atomic
459,Yes,Complete,Y,Complete,Independent,Independent,Independent,Atomic,Complete,Yes,Atomic
460,Yes,Complete,Y,Complete,Independent,Independent,Independent,Atomic,Complete,Yes,Atomic
461,No,Complete,Y,Complete,Independent,Independent,Independent,Compound,Complete,Yes,Compound
462,Yes,Complete,Y,Complete,Independent,Independent,Independent,Atomic,Complete,Yes,Atomic
463,No,Complete,Y,Complete,Dependent,Dependent,Independent,,Complete,No,
464,No,Incomplete,N,Complete,Independent,Independent,Independent,,Incomplete,Yes,
465,No,Complete,Y,Incomplete,Independent,Independent,Independent,,Incomplete,Yes,
466,No,Complete,Y,Incomplete,Independent,Independent,Independent,,Incomplete,Yes,
467,No,Complete,Y,Incomplete,Independent,Independent,Independent,,Incomplete,Yes,
468,No,Complete,Y,Incomplete,Independent,Independent,Independent,,Incomplete,Yes,
469,No,Complete,Y,Incomplete,Independent,Independent,Independent,,Incomplete,Yes,
470,No,Complete,Y,Incomplete,Independent,Independent,Independent,,Incomplete,Yes,
471,No,Complete,Y,Incomplete,Independent,Independent,Independent,,Incomplete,Yes,
472,No,Complete,Y,Incomplete,Independent,Independent,Independent,,Incomplete,Yes,
473,No,Complete,Y,Incomplete,Independent,Independent,Independent,,Incomplete,Yes,
474,No,Complete,Y,Incomplete,Independent,Independent,Independent,,Incomplete,Yes,
475,No,Complete,P,Complete,Independent,Independent,Independent,,Incomplete,Yes,
476,No,Complete,Y,Incomplete,Independent,Independent,Independent,,Incomplete,Yes,
477,No,Complete,Y,Incomplete,Independent,Independent,Independent,,Incomplete,Yes,
478,No,Complete,Y,Incomplete,Independent,Independent,Independent,,Incomplete,Yes,
479,No,Complete,Y,Complete,Independent,Independent,Dependent,,Complete,No,
480,No,Complete,P,Incomplete,Independent,Independent,Independent,,Incomplete,Yes,
481,No,Complete,N,Complete,Independent,Independent,Independent,,Incomplete,Yes,
482,No,Complete,Y,Incomplete,Independent,Independent,Independent,,Incomplete,Yes,
483,No,Complete,Y,Incomplete,Independent,Independent,Independent,,Incomplete,Yes,
484,No,Complete,P,Complete,Independent,Independent,Independent,,Incomplete,Yes,
485,Yes,Complete,Y,Complete,Independent,Independent,Independent,Atomic,Complete,Yes,Atomic
486,No,Complete,P,Complete,Independent,Independent,Independent,,Incomplete,Yes,
487,No,Complete,Y,Incomplete,Independent,Independent,Independent,,Incomplete,Yes,
488,No,Complete,Y,Complete,Dependent,Dependent,Independent,,Complete,No,
489,No,Complete,N,Incomplete,Independent,Independent,Independent,,Incomplete,Yes,
490,No,Complete,Y,Incomplete,Independent,Independent,Independent,,Incomplete,Yes,
491,No,Complete,P,Incomplete,Independent,Independent,Independent,,Incomplete,Yes,
492,No,Complete,N,Complete,Independent,Independent,Independent,,Incomplete,Yes,
493,No,Complete,Y,Incomplete,Independent,Independent,Independent,,Incomplete,Yes,
494,No,Complete,N,Complete,Independent,Independent,Independent,,Incomplete,Yes,
495,No,Complete,N,Complete,Independent,Independent,Independent,,Incomplete,Yes,
496,No,Complete,P,Complete,Independent,Independent,Independent,,Incomplete,Yes,
497,No,Complete,Y,Incomplete,Independent,Independent,Dependent,,Incomplete,No,
498,Yes,Complete,Y,Complete,Independent,Independent,Independent,Atomic,Complete,Yes,Atomic
499,No,Complete,N,Complete,Independent,Independent,Independent,,Incomplete,Yes,
500,No,Complete,Y,Incomplete,Independent,Independent,Independent,,Incomplete,Yes,
501,No,Complete,Y,Complete,Independent,Independent,Dependent,,Complete,No,
502,No,Complete,N,Complete,Independent,Independent,Dependent,,Incomplete,No,
503,No,Complete,N,Complete,Independent,Independent,Independent,,Incomplete,Yes,
504,No,Complete,N,Complete,Independent,Independent,Dependent,,Incomplete,No,
505,No,Complete,Y,Complete,Independent,Independent,Dependent,,Complete,No,
506,No,Complete,Y,Incomplete,Independent,Dependent,Independent,,Incomplete,No,
507,No,Complete,N,Complete,Independent,Independent,Dependent,,Incomplete,No,
508,No,Complete,Y,Complete,Independent,Dependent,Dependent,,Complete,No,
509,No,Complete,Y,Incomplete,Independent,Independent,Independent,,Incomplete,Yes,
510,No,Complete,Y,Incomplete,Independent,Independent,Independent,,Incomplete,Yes,
511,No,Complete,Y,Incomplete,Independent,Independent,Independent,,Incomplete,Yes,
512,No,Complete,Y,Incomplete,Independent,Independent,Independent,,Incomplete,Yes,
513,No,Complete,Y,Incomplete,Independent,Independent,Independent,,Incomplete,Yes,
514,No,Complete,Y,Incomplete,Independent,Independent,Independent,,Incomplete,Yes,
515,No,Complete,Y,Incomplete,Independent,Independent,Independent,,Incomplete,Yes,
516,No,Complete,Y,Incomplete,Independent,Independent,Independent,,Incomplete,Yes,
517,No,Complete,Y,Incomplete,Independent,Independent,Independent,,Incomplete,Yes,
518,No,Complete,Y,Incomplete,Independent,Independent,Independent,,Incomplete,Yes,
519,No,Complete,Y,Incomplete,Independent,Independent,Independent,,Incomplete,Yes,
520,No,Complete,Y,Incomplete,Dependent,Dependent,Independent,,Incomplete,No,
521,No,Complete,Y,Incomplete,Independent,Independent,Independent,,Incomplete,Yes,
522,No,Complete,Y,Incomplete,Independent,Independent,Independent,,Incomplete,Yes,
523,No,Complete,P,Complete,Independent,Independent,Independent,,Incomplete,Yes,
524,No,Complete,Y,Incomplete,Independent,Independent,Independent,,Incomplete,Yes,
525,No,Complete,Y,Incomplete,Independent,Independent,Independent,,Incomplete,Yes,
526,No,Complete,Y,Incomplete,Independent,Independent,Independent,,Incomplete,Yes,
527,No,Complete,P,Incomplete,Independent,Independent,Independent,,Incomplete,Yes,
528,No,Complete,Y,Incomplete,Independent,Independent,Independent,,Incomplete,Yes,
529,No,Complete,Y,Incomplete,Independent,Independent,Independent,,Incomplete,Yes,
530,No,Complete,Y,Incomplete,Dependent,Independent,Independent,,Incomplete,No,
531,No,Complete,Y,Incomplete,Independent,Independent,Independent,,Incomplete,Yes,
532,No,Complete,Y,Incomplete,Dependent,Independent,Independent,,Incomplete,No,
533,No,Complete,Y,Incomplete,Independent,Independent,Independent,,Incomplete,Yes,
534,No,Complete,Y,Incomplete,Independent,Independent,Independent,,Incomplete,Yes,
535,No,Complete,Y,Incomplete,Independent,Independent,Independent,,Incomplete,Yes,
536,No,Complete,Y,Incomplete,Independent,Independent,Independent,,Incomplete,Yes,
537,No,Complete,Y,Incomplete,Dependent,Dependent,Independent,,Incomplete,No,
538,No,Complete,P,Incomplete,Dependent,Independent,Dependent,,Incomplete,No,
539,No,Complete,Y,Incomplete,Independent,Independent,Independent,,Incomplete,Yes,
540,No,Complete,Y,Incomplete,Independent,Independent,Independent,,Incomplete,Yes,
541,No,Complete,Y,Incomplete,Independent,Independent,Independent,,Incomplete,Yes,
542,No,Complete,Y,Incomplete,Independent,Independent,Independent,,Incomplete,Yes,
543,No,Complete,Y,Incomplete,Independent,Independent,Independent,,Incomplete,Yes,
544,No,Complete,P,Incomplete,Independent,Independent,Independent,,Incomplete,Yes,
545,No,Complete,P,Complete,Independent,Independent,Independent,,Incomplete,Yes,
546,No,Complete,Y,Incomplete,Independent,Independent,Independent,,Incomplete,Yes,
547,No,Complete,Y,Incomplete,Independent,Dependent,Independent,,Incomplete,No,
548,No,Complete,N,Incomplete,Independent,Independent,Independent,,Incomplete,Yes,
549,No,Complete,Y,Incomplete,Independent,Dependent,Independent,,Incomplete,No,
550,No,Complete,Y,Incomplete,Independent,Dependent,Independent,,Incomplete,No,
551,No,Complete,Y,Incomplete,Independent,Independent,Independent,,Incomplete,Yes,
552,No,Complete,P,Incomplete,Independent,Dependent,Independent,,Incomplete,No,
553,No,Incomplete,N,Complete,Independent,Independent,Independent,,Incomplete,Yes,
554,No,Incomplete,N,Complete,Independent,Independent,Independent,,Incomplete,Yes,
555,No,Incomplete,N,Complete,Independent,Independent,Independent,,Incomplete,Yes,
556,No,Incomplete,N,Complete,Independent,Independent,Independent,,Incomplete,Yes,
557,No,Complete,Y,Complete,Independent,Independent,Dependent,,Complete,No,
558,No,Complete,P,Complete,Independent,Independent,Independent,,Incomplete,Yes,
559,No,Incomplete,N,Complete,Independent,Independent,Independent,,Incomplete,Yes,
560,No,Complete,N,Complete,Dependent,Independent,Independent,,Incomplete,No,
561,No,Incomplete,N,Complete,Independent,Independent,Independent,,Incomplete,Yes,
562,No,Complete,P,Complete,Dependent,Independent,Independent,,Incomplete,No,
563,No,Incomplete,N,Complete,Independent,Independent,Independent,,Incomplete,Yes,
564,No,Complete,N,Complete,Independent,Independent,Independent,,Incomplete,Yes,
565,No,Incomplete,N,Complete,Independent,Independent,Independent,,Incomplete,Yes,
566,No,Complete,N,Complete,Independent,Independent,Independent,,Incomplete,Yes,
567,No,Complete,P,Incomplete,Independent,Independent,Independent,,Incomplete,Yes,
568,No,Complete,N,Complete,Independent,Independent,Independent,,Incomplete,Yes,
569,No,Complete,P,Complete,Independent,Independent,Independent,,Incomplete,Yes,
570,No,Complete,Y,Complete,Independent,Independent,Dependent,,Complete,No,
571,No,Complete,N,Complete,Independent,Independent,Independent,,Incomplete,Yes,
572,No,Complete,Y,Complete,Independent,Independent,Dependent,,Complete,No,
573,No,Complete,Y,Complete,Independent,Independent,Dependent,,Complete,No,
574,No,Complete,N,Complete,Independent,Independent,Independent,,Incomplete,Yes,
575,No,Complete,Y,Complete,Independent,Independent,Dependent,,Complete,No,
576,No,Incomplete,N,Complete,Independent,Independent,Independent,,Incomplete,Yes,
577,No,Complete,N,Incomplete,Independent,Independent,Independent,,Incomplete,Yes,
578,No,Complete,N,Incomplete,Dependent,Independent,Independent,,Incomplete,No,
579,No,Complete,Y,Complete,Independent,Independent,Dependent,,Complete,No,
580,No,Incomplete,N,Complete,Independent,Independent,Independent,,Incomplete,Yes,
581,No,Complete,Y,Complete,Dependent,Dependent,Independent,,Complete,No,
582,No,Complete,N,Complete,Independent,Independent,Independent,,Incomplete,Yes,
583,No,Complete,N,Complete,Independent,Independent,Independent,,Incomplete,Yes,
584,No,Complete,Y,Complete,Independent,Independent,Dependent,,Complete,No,
585,No,Complete,P,Complete,Independent,Independent,Independent,,Incomplete,Yes,
586,Yes,Complete,Y,Complete,Independent,Independent,Independent,Atomic,Complete,Yes,Atomic
587,No,Complete,Y,Complete,Independent,Independent,Dependent,,Complete,No,
588,No,Complete,Y,Complete,Dependent,Independent,Independent,,Complete,No,
589,No,Complete,N,Complete,Independent,Independent,Independent,,Incomplete,Yes,
590,No,Complete,P,Incomplete,Independent,Independent,Independent,,Incomplete,Yes,
591,No,Complete,N,Complete,Independent,Independent,Dependent,,Incomplete,No,
592,No,Complete,Y,Complete,Independent,Independent,Dependent,,Complete,No,
593,No,Complete,Y,Complete,Independent,Independent,Dependent,,Complete,No,
594,No,Complete,Y,Incomplete,Independent,Independent,Independent,,Incomplete,Yes,
595,No,Complete,P,Incomplete,Independent,Independent,Independent,,Incomplete,Yes,
596,No,Complete,Y,Complete,Independent,Independent,Independent,Compound,Complete,Yes,Compound
597,No,Complete,Y,Incomplete,Independent,Dependent,Dependent,,Incomplete,No,
598,No,Complete,N,Incomplete,Dependent,Independent,Independent,,Incomplete,No,
599,Yes,Complete,Y,Complete,Independent,Independent,Independent,Atomic,Complete,Yes,Atomic
600,No,Complete,N,Complete,Independent,Independent,Dependent,,Incomplete,No,
601,No,Complete,N,Complete,Independent,Independent,Independent,,Incomplete,Yes,
602,No,Complete,N,Complete,Independent,Independent,Independent,,Incomplete,Yes,
603,No,Incomplete,N,Complete,Independent,Independent,Independent,,Incomplete,Yes,
604,No,Incomplete,N,Complete,Independent,Independent,Independent,,Incomplete,Yes,
605,No,Complete,P,Complete,Independent,Independent,Independent,,Incomplete,Yes,
606,No,Incomplete,N,Complete,Dependent,Dependent,Independent,,Incomplete,No,
607,No,Complete,N,Complete,Independent,Independent,Independent,,Incomplete,Yes,
608,No,Complete,N,Complete,Dependent,Independent,Independent,,Incomplete,No,
609,No,Incomplete,N,Incomplete,Independent,Independent,Independent,,Incomplete,Yes,
610,No,Complete,N,Incomplete,Independent,Independent,Independent,,Incomplete,Yes,
611,No,Complete,N,Incomplete,Independent,Independent,Independent,,Incomplete,Yes,
612,No,Incomplete,N,Incomplete,Independent,Independent,Independent,,Incomplete,Yes,
613,No,Complete,N,Incomplete,Independent,Independent,Independent,,Incomplete,Yes,
614,No,Complete,N,Incomplete,Independent,Independent,Independent,,Incomplete,Yes,
615,No,Complete,N,Incomplete,Independent,Independent,Independent,,Incomplete,Yes,
616,No,Complete,Y,Complete,Dependent,Dependent,Independent,,Complete,No,
617,No,Complete,N,Incomplete,Independent,Independent,Independent,,Incomplete,Yes,
618,No,Complete,Y,Complete,Dependent,Dependent,Dependent,,Complete,No,
619,No,Complete,Y,Complete,Independent,Independent,Dependent,,Complete,No,
620,No,Complete,Y,Complete,Dependent,Dependent,Independent,,Complete,No,
621,No,Complete,P,Complete,Dependent,Dependent,Independent,,Incomplete,No,
622,No,Complete,Y,Incomplete,Dependent,Dependent,Independent,,Incomplete,No,
623,No,Complete,Y,Incomplete,Independent,Independent,Independent,,Incomplete,Yes,
624,No,Complete,Y,Incomplete,Dependent,Dependent,Independent,,Incomplete,No,
625,No,Complete,N,Complete,Dependent,Dependent,Independent,,Incomplete,No,
626,No,Complete,Y,Complete,Dependent,Dependent,Independent,,Complete,No,
627,No,Complete,P,Incomplete,Dependent,Dependent,Dependent,,Incomplete,No,
628,No,Complete,N,Complete,Independent,Independent,Independent,,Incomplete,Yes,
629,No,Complete,N,Incomplete,Independent,Independent,Independent,,Incomplete,Yes,
630,No,Complete,Y,Incomplete,Independent,Independent,Independent,,Incomplete,Yes,
631,No,Incomplete,N,Complete,Independent,Independent,Independent,,Incomplete,Yes,
632,No,Complete,N,Incomplete,Independent,Independent,Independent,,Incomplete,Yes,
633,No,Complete,Y,Complete,Dependent,Dependent,Independent,,Complete,No,
634,No,Complete,N,Complete,Independent,Independent,Dependent,,Incomplete,No,
635,No,Complete,N,Complete,Independent,Independent,Dependent,,Incomplete,No,
636,No,Complete,P,Complete,Dependent,Dependent,Independent,,Incomplete,No,
637,No,Complete,N,Complete,Independent,Independent,Dependent,,Incomplete,No,
638,No,Complete,N,Complete,Independent,Independent,Dependent,,Incomplete,No,
639,No,Complete,N,Complete,Independent,Independent,Dependent,,Incomplete,No,
640,No,Complete,N,Complete,Independent,Independent,Dependent,,Incomplete,No,
641,No,Complete,N,Complete,Independent,Independent,Dependent,,Incomplete,No,
642,No,Complete,Y,Incomplete,Independent,Independent,Independent,,Incomplete,Yes,
643,No,Complete,N,Complete,Independent,Independent,Independent,,Incomplete,Yes,
644,No,Complete,N,Complete,Independent,Independent,Independent,,Incomplete,Yes,
645,No,Complete,N,Incomplete,Independent,Independent,Independent,,Incomplete,Yes,
646,No,Complete,Y,Incomplete,Independent,Independent,Independent,,Incomplete,Yes,
647,No,Complete,N,Complete,Independent,Independent,Independent,,Incomplete,Yes,
648,No,Complete,Y,Incomplete,Independent,Independent,Dependent,,Incomplete,No,
649,No,Complete,N,Incomplete,Independent,Independent,Independent,,Incomplete,Yes,
650,No,Complete,Y,Complete,Independent,Independent,Dependent,,Complete,No,
651,No,Complete,N,Complete,Independent,Independent,Independent,,Incomplete,Yes,
652,No,Complete,N,Complete,Independent,Independent,Independent,,Incomplete,Yes,
653,No,Complete,Y,Incomplete,Independent,Independent,Independent,,Incomplete,Yes,
654,No,Complete,P,Complete,Independent,Independent,Independent,,Incomplete,Yes,
655,No,Complete,Y,Incomplete,Independent,Independent,Independent,,Incomplete,Yes,
656,No,Complete,Y,Incomplete,Independent,Independent,Independent,,Incomplete,Yes,
657,No,Complete,N,Complete,Independent,Independent,Independent,,Incomplete,Yes,
658,No,Complete,Y,Incomplete,Independent,Independent,Independent,,Incomplete,Yes,
659,No,Complete,Y,Incomplete,Independent,Independent,Independent,,Incomplete,Yes,
660,No,Complete,Y,Incomplete,Independent,Independent,Independent,,Incomplete,Yes,
661,No,Complete,Y,Incomplete,Independent,Independent,Independent,,Incomplete,Yes,
662,No,Complete,Y,Incomplete,Independent,Independent,Independent,,Incomplete,Yes,
663,No,Complete,Y,Incomplete,Independent,Independent,Independent,,Incomplete,Yes,
664,No,Complete,Y,Incomplete,Independent,Independent,Independent,,Incomplete,Yes,
665,No,Complete,N,Complete,Independent,Independent,Independent,,Incomplete,Yes,
666,No,Incomplete,N,Complete,Independent,Independent,Independent,,Incomplete,Yes,
667,No,Complete,Y,Incomplete,Independent,Independent,Independent,,Incomplete,Yes,
668,No,Complete,Y,Incomplete,Independent,Independent,Independent,,Incomplete,Yes,
669,No,Complete,Y,Incomplete,Independent,Independent,Independent,,Incomplete,Yes,
670,No,Complete,N,Complete,Independent,Dependent,Independent,,Incomplete,No,
671,No,Complete,N,Complete,Independent,Independent,Independent,,Incomplete,Yes,
672,No,Incomplete,N,Complete,Independent,Independent,Independent,,Incomplete,Yes,
673,No,Incomplete,N,Complete,Independent,Independent,Independent,,Incomplete,Yes,
674,No,Incomplete,N,Complete,Independent,Independent,Independent,,Incomplete,Yes,
675,No,Incomplete,N,Complete,Independent,Independent,Independent,,Incomplete,Yes,
676,No,Incomplete,N,Complete,Independent,Independent,Independent,,Incomplete,Yes,
677,No,Incomplete,N,Complete,Independent,Independent,Independent,,Incomplete,Yes,
678,No,Incomplete,N,Complete,Independent,Independent,Independent,,Incomplete,Yes,
679,No,Complete,N,Complete,Independent,Independent,Dependent,,Incomplete,No,
680,No,Complete,Y,Complete,Independent,Independent,Dependent,,Complete,No,
681,No,Complete,N,Complete,Independent,Independent,Independent,,Incomplete,Yes,
682,No,Complete,N,Complete,Independent,Independent,Independent,,Incomplete,Yes,
683,No,Complete,N,Complete,Independent,Independent,Independent,,Incomplete,Yes,
684,No,Complete,N,Complete,Independent,Independent,Independent,,Incomplete,Yes,
685,No,Complete,N,Complete,Independent,Independent,Independent,,Incomplete,Yes,
686,No,Complete,N,Complete,Independent,Independent,Independent,,Incomplete,Yes,
687,No,Complete,N,Complete,Independent,Independent,Independent,,Incomplete,Yes,
688,No,Complete,N,Complete,Independent,Independent,Independent,,Incomplete,Yes,
689,No,Incomplete,N,Complete,Independent,Independent,Independent,,Incomplete,Yes,
690,No,Incomplete,N,Incomplete,Independent,Independent,Independent,,Incomplete,Yes,
691,No,Complete,N,Incomplete,Independent,Independent,Independent,,Incomplete,Yes,
692,No,Incomplete,N,Complete,Independent,Independent,Independent,,Incomplete,Yes,
693,No,Complete,Y,Complete,Independent,Independent,Dependent,,Complete,No,
694,No,Complete,N,Incomplete,Independent,Independent,Independent,,Incomplete,Yes,
695,No,Complete,Y,Complete,Dependent,Dependent,Independent,,Complete,No,
696,No,Complete,Y,Complete,Dependent,Independent,Dependent,,Complete,No,
697,No,Complete,N,Complete,Independent,Independent,Independent,,Incomplete,Yes,
698,No,Complete,N,Incomplete,Independent,Independent,Independent,,Incomplete,Yes,
699,No,Complete,N,Incomplete,Independent,Independent,Independent,,Incomplete,Yes,
700,No,Complete,N,Complete,Independent,Independent,Dependent,,Incomplete,No,
