id,text_sha256,char_len,word_count,source_document
1,047f51648c48777ccc1d388aa2d6003458bf3f15399fe690aac0abf56006eee0,57,9,
2,2fa20d86a533edbbd5b1fec72f54b6afad6583a0614233435eb4ddcbd0e1a817,100,17,
3,aaf1a84bdea0be8f6ede3b05e2bebbf64b0e7eeacdc99d8c77190b9ca7ec7233,98,14,
4,a761df83308e522717d7eba3f07d203a0622e31a12f98500287d24d2316711b5,101,17,
5,88fa1ec274ff600cb7bb2528f5d43f4c4cb098bdc5ffb3d771262007f62bdc6f,101,15,
6,6c9ead70a9ec5918a2385d445049b6d8edf27a064d5ef4de14358792190ed95f,196,32,
7,f712335fcfd523b240da0d8cb35b3518cd55998883d794e974dfdb8314090650,187,28,
8,f89498c73d73650ca19d3e8c6ea19ecaaaf3614a1650936e4478f7c14e967a58,183,29,
9,b8d4504cb36656a54e6f09cbc4082e9ccf9cad9fe66d0dbf8173ea130dc7f2c8,181,31,
10,32b3f967fcfa06fbdd10018e6fd63d91734bdc2197197bb8abb728b449dba1a9,330,56,
11,d4b96983d35e58120a87b0feb63a605a21c0d5513b9c78a8d357e3cee9c9b7aa,326,56,
12,2ce2250aa324f10d636c4bc0f026e19debf2d226e1df8d0dad921c1e7c866a3c,324,50,
13,fc7feca96fabc29a4b83836ea03e0b63185c712c1c98da9e4ed930317c4ebfab,322,55,
14,11665370b9cce9b708a111429d1259346c50d394c1a76a68b0587001324ed8f2,100,13,
15,8ed8ea1bd9fa4182f52356908a0c29934a1d83f3fad3c5289a6536028c860397,100,13,
16,cebe91ae4bca46238008ce61cad58fb8cab53245468b010702d45527a297b47f,100,14,
17,c09406c9b4a0ef86acc7263d22a6631e152ead03c7e434471bca4cf50cee333f,100,14,
18,e374952ec532ddb02a2270729fc9676e170b13f7ecfd35952e9ca6c49018d6a6,99,14,
19,61fb267f52b1ef7a8fc5466886aed53b270ef67ff91418f6d537dbc99ca6c4ef,186,30,
20,96eb27d462095e81a974d92e0d2b82fec12039650bdfce6a178c37ce0d83bbda,186,28,
21,05d5b375543bba6d308f1a72e8da719d3c482bbc11cc417cd79d6366caf22589,187,31,
22,5bab20a5a3061f049498f4d7b535ce34389617f3960240e87ba8fe73daa700df,183,29,
23,517dc47f7ca63abf4cd76fcb0b63bd525bb64d53704b9f813e29ea2d48a6db84,329,52,
24,45ee6ba5b9ed58972e32ecf6e2b9f1178cf231cfdd1236a4d6f9ad3c1cd960c1,332,53,
25,507d088abc81537a848130a17bea7f49c36dad10fae712cbdb7ad728b60db4f0,358,57,
26,809400071ddbaabe6795771bc9b9a7830806ecef0a5fcff34a9cfad6f9990648,109,16,
27,7f2f81c5490878155c3b172b8bef5040fe2c020fea4e7be47fc1ff76256d6010,102,16,
28,262726ab1f31419ebff0f7b019ba5aeb32c23d3900a6d1e1317f395351016daf,154,21,
29,c2f30542a391d92711dc7154cacbe72460f1e80893aa1505e69dfd60e44979c8,140,22,
30,7fd61bd4102913b028f2411b1531d52e3b4c1a7225a08c2baff184fa1b220292,144,23,
31,3a060c59489f1d6e83ecd73d8e4cc36f45656c0497945d4bef6511a9dbcff03e,177,26,
32,6b7e8df10372b4f52b79bdcb10859f362176816e6a18cc31fcf29e022ba45652,164,26,
33,396dc78f71d237ed3eecd34dab5775867497b23ac8114623d2a6026a07e12e24,305,45,
34,85c87c34118b6158de1fc6edbda4ee92f2ceb63517b256279c1d8ae46a161335,100,15,
35,2df7411068c84c2c3dc925763babaef3e9d0c568142329a019a75a70b614fdda,99,13,
36,1eeea3735737a0fc22cc340070a3ad292c2ba31aae02248804ed5c3b61111b36,101,15,
37,7c92d5473ebec419758d8183ad52edfe1eef3d5e247ed1873128de7308fa32c3,98,21,
38,63afce38ef0f58988ba7ecabc0245135e9a751a6b9eb02e79577ec2257583c41,184,29,
39,51cab8c824d0b0a5cf9955eaf843cea945fb911bf1157118144f7d197b7c5b4c,212,34,
40,fed697b90476122e49585690f1a7e287d7c74c28f0da085a9c137dfb46795025,201,33,
41,4dbb44ef809392a3bff55a113fd27c6f421c2daeed3d568ec632bc7760a3791c,182,33,
42,15f232791b959e8e560364203c5620eb185f27e509e13963112bf0e8b331424f,182,27,
43,54b45d744136e544ce5e78955955afa5c255d177fa5b2f0728811948cb095478,308,50,
44,1b7cfed53083fd96656e193a992bcb96825c887809ad08ae91c3603ad85c348c,325,49,
45,7b97cdff3b3626cb8d7fa30d880e0e1401a0cf72984042eefcd842c9f010c08f,264,49,
46,0e311a3f756896e3fda52ff4a08e694f544f381fddb0400badbbec1b14fbf2a3,54,10,
47,82d32fdac19250504ca99d2112f6672513396b03acb55e48703e5153dd118cd6,71,14,
48,b73ceb4d50a14855b9146336ea911349c813fc74340f0b8e4c864dec4dd3a433,58,10,
49,b28b63553cbe981ffba69ed204efb5f78f1cda84743ae0c52ba34addd5f972d4,69,10,
50,1eadb620ac0d1d776f61f41091c1199af0ed65acce52852a200a2149e2946541,87,16,
51,64d690822a4d286f5fd31558e079ef6cb75e8590cfe83b2c34f6c352d16ba4fc,154,31,
52,3f241bb8067a8c51278a763d94a9b0b2185608fc4d5e03297c19e1186808e323,117,19,
53,d80ee9e61bfe808adb4f057ef40e51919c0e54e168bd51a3ca7a31e205f2a9a9,158,28,
54,2e7085ad3672d2e4a9e97ba8a23b0f2f5f6170d2073a82a45ce7fd1a4854f769,175,34,
55,44a8bdd1c9bd86be96cc25979cc43bddb49c14d25c003d0345403c5898fa9bd1,177,34,
56,1df9a94ce4cbe85bf887c9ffd4ffda1bdeee2a44218b2a39a9cf07664a624e84,226,43,
57,3f0ab570035f2826ec248f5681329da3991c8028603b37ed44b3a0b1a9a7e399,268,48,
58,ade218f55fe727746e4c058391747b388e7db53673d7bf4fb89de34127008934,415,78,
59,6cd866939e65750584ccc39ce01c3d3fcde2e1ab90055bca9f1a7666c9b7bd4a,311,55,
60,a61640adbd73e7a4f6a1af1ca05db48487907b45d9190e986105a255fa6735c3,232,40,
61,29d9f28d557cf5b46ca2c06437d6230e90f26d689cdd3d467d40fdcb908a55b9,90,13,
62,23c9ad0caba10a831c434b94a79b11bb3c23b0867b83457745360e64420426a2,100,15,
63,264684ac53918cf9bc03c5d54df55547080b78841a6d82dcccfff63a051b40db,100,14,
64,7bb1d15efabfbfb157274db5485c1f1c24f0ab5773d1c15217199002d2878f70,186,25,
65,8a5d1ea36ec8a682b66f0159bd5d284de103e15dc303a8c6fde0da60082d6c7a,190,32,
66,d40894d831458f583facf6f2a91cb7aca75dd3f584446c5673f9c4faca6112e9,176,26,
67,040b5c76d853d762048b33b25efb200d7892b8b75233f482d0029f897ae0005f,221,37,
68,a311d0980ea4284105995a70aab179fdf41531764c4ac5067fedd8eead8815c2,234,35,
69,c02a85d5343266c05fad390f40f4b0ca99615585d5e831060fcd0ff6c43af731,66,13,
70,0cab81fb90a059a7625c24f97e23867311760ff57f58106e50096a3e694bac4d,73,14,
71,77c603872185b8c34c66fdec4b2d1c51d15b92292734e6e0a5ae2c016cea383a,64,13,
72,f57b8496843da98a998978e811b3b57f1c65f9c8cf711661f9d6058a7ca75eda,83,17,
73,ca204c2f80a3b2fd369b8b66c6033d19af381ebea773e161e1b1747c135af6e6,144,29,
74,e76859a7e3833310d1dc5a3a48fac1306bca61a9639a09775aca54550a7c12e0,164,29,
75,9a13403a9908b342fd55a770b27c8df26c4c6520b516c04cfbe3befc9f3b7ff0,238,44,
76,5013d937081531a6b7638301f278550ce542ee7f40eb62edc36ad70e05dfb0db,151,28,
77,0032b3aa3686801d983dc413804e07bee50aefc9d79aa5320e811a9e930a7da4,201,37,
78,30c556d15e4e952e5de8aa66200da5ba76c596f2833a740e94441a4e8f297496,184,37,
79,a9681044f993b80bcb6e18c10e5ff830831ecbd1055794ca0034f07f0b053323,352,62,
80,2fa377789cf4a7c7fd2a58e82166f3202f8e4372f114e9770377d11712fe8c6c,289,51,
81,2cd8170963b7718035220eecffc444addccfb6a3a02d5ce106313ba8d97bb18d,252,47,
82,53e11b2aa7854431bbbc029b18bee252d8adfcbbb9e5062ed6f00ef0580f8964,339,60,
83,3993499af90b9fc7dceb6c6a913dc5e0585d729d7f5cdce439b63dbc95aca70f,270,51,
84,ed04f7140b62708c45eb9360197201c38a6fcc5c6d852072510be99b77034185,196,34,
85,e5fcf4433cf2c1b7554bc653356886f2257c66548bfcb7978f103fe2a38fc84d,101,16,
86,6ba4a3dfe0426b7613f47273923422a239cb37731ecd9b15e5365e2a6dda5746,101,18,
87,918a6da8b9075fe5827dcff899902d42c2cad9645028b7e9280fcee252d270c2,99,15,
88,e1f21b37386c66dcceea322ff6017bc752e905c460b0d74c5021700793f9a37d,98,15,
89,0a75ced7336a35caa727d2938981f7d974f3727d48fda71aa5d65b74d70d7bf5,186,32,
90,2332a2f15c4677e8599823a326c5e59df6ade9d3876d64f09ee9924b787381fd,187,31,
91,3c5aaa620a28a70c435678f075f85cce0b1b551ca617791cf64aaa3061e9fb08,182,31,
92,8097e4c01b142f9dcd20f8f00063c8575a2f84c57daf0027f9e41974615fc277,178,34,
93,441a9ee577c925ca7a4ea24b38b898937033160e19df6cd34f548d5a4828a12b,189,33,
94,10d77c6efc3176e08126798df6694d1083c8322e2708477c724cacc6aed3d86b,222,39,
95,a60fe1d12dcf0a991d4ae2100494a5529808ca4198acd16ca4690c2e0e502816,270,48,
96,e3f7cf727465ef670b498e120d9cc94bf299a7b11d72e58f379e646b3b43ff6d,275,50,
97,c586de2a3790d65bb6db734f23301c8ae472e7c1ff30735d6825dcd9d0f0315f,236,38,
98,40138defcd60a1ceffba9c763d9bdb776726002cd404ce8349e834beabd2a1a0,250,42,
99,c5e1d5b80e776acd24d535a04a197cb02e91c1cae9649c9bffd3775b537cbb26,95,14,
100,64b4cf02b44c341821d4d631981a6fbf1a69f5076ae0f6012b11bb6ffa25cfe2,100,16,
101,abf64ac8dd49d60d61e217707a6df3b901d8247dc4a67276a695609f642e1049,102,19,
102,4b69a525cc6052bde172cc145c30a438cd33f69214d91866ae05f5944575b7c7,104,15,
103,4bbcdcb5ea6712de3557bcffc2030513be57c2f178820c7a44d27195f8267727,173,34,
104,a09b6c20540ae352d5207e73ef7015ee778cc9604a325185cd1b5c14cde80b5d,162,34,
105,a36ab4aa4b8f92f66a20dcc682776561c3f42e9ef4398d7951248451b2d9d924,175,33,
106,8bada9d9646e2ab32dfa7bc4a932b444c92f3351a26acb333ff014eb1c2fe68f,182,30,
107,51109a8bc0ca97637eb0bd64fa84c123f6a0c9f03d9757a0f5a65d1f58c34f10,249,44,
108,45f08ad4a4cd1286862117754a23d994198e35f8932034e283079d4e14b8b919,401,72,
109,7376662a31769ff254681e4469bb0d52f0de68ee90bbb9098d8b4a31c99eeedd,100,20,
110,aa18f8eedda1d9f5ad82b4dac80e200d55d8631b14270aef6005d3771a1d816e,122,21,
111,dd4732e7591243f11518a5132f9dffd65e0f044d8bd452f27312835e47c7d7a3,100,14,
112,410f51e06edfffec6affde471d67bbf06c3e10c9f0f17322e7b5c96b317a4545,99,17,
113,32260e24ad34a45680c601f7fbebedf504b08ef0064bff11c9cdd4709be93c95,102,20,
114,c6ae57fda68961fbe3b0d116f1b06e1debe2120e3e409f9c0a03a6e15613fa3d,190,29,
115,caa4846c428af526c4f45dfb96aff1d454353d375ec32256ebc56e32209c612d,204,32,
116,7bf22fb0c58585c56e2e94c352285bcdd4a899c73700e327c0440749b43c3ef1,296,50,
117,02037021d61152244328373c4cc197b94717d0bb964e412532b66c0fc0e408e8,260,40,
118,f6affe82e33785fc16a7045b08ac93e9848322aad58282b9ad190f66dc859d3a,269,48,
119,995c59ab51422c97c865bdef88572ecccd60d7b6eed8fe28a1dc12afc4bbd4d9,122,19,
120,db04d6643e6ab55cdbff5155326735ec7b66c9335c98c4dfa0c6b9b16ff8efca,106,19,
121,8aa86764aa73811b06d4b0a68682cef1f1f387de41c9d696f77e9968e12415c8,112,19,
122,f30dd091fa938659949c50034871e6e77f0dbfe7ace189bb16c4b2b2659f47ab,112,17,
123,0778bd2b9f05079d2060759f55b6e4ee99060cd805726c0bfea22859e0ba7826,78,14,
124,c3aed7c6874db14a4f64ddbab150107aaa5393a52dd683afa256c28992698d60,195,29,
125,7401873421e0abef0be05a9f7e8aa997bf79a46f0e4ef63d07295e9e055dfa2d,103,15,
126,bbba47ad7ff7eee08b5a3a7a905159ecdf46af92c71a1080cc9212e722dc3d01,125,19,
127,1cfdf08f345bc0b1134cb38c9da6c4db60545a8d69fb0d73ce6fdba6e41f3ca8,129,22,
128,6d903f7a1954cf4d6aa6abb75931483db2ed9011ab19af6e13f6ed796213fb5d,165,25,
129,20d12d0c937070048f82de43df77fb85bc7976583acd8795c484ae677bf4d9c0,97,16,
130,eee95756f7d25c734e7ce84d7174d24af7f3aa8c9188c8c12222f73dd273c4cc,104,20,
131,e8a213590f40dbb894d95ccea940cb160767c7bc01619576b1b223a34dfa3ae0,130,20,
132,1af9697784d555f9b701f66792e5489338ebfed28a2ded2dfa8d8025b90ec9fd,149,24,
133,6457e661354657ec86fc151d3e887965c4fac67d2e1d04aa576860bb3f1e76e7,148,27,
134,c2b4e0f834cc95b9b39667b077e76eed961176b1ff8c2a37b2b340d6216d50ae,103,19,
135,f3a667c57bafdb4ae7881d1145b313d62e068ec65c1a45a24ea0db1bfaa1b09b,158,25,
136,b6aabb6cb9b6e980ccfe0fcad914c0dae8f1f901f94ae4a0fddb43a49f8bea19,99,16,
137,c2670f8cf284cc9004d17c4593e59efb05e6408d1327e5edce94e1f9a3e099a0,108,19,
138,d17d7eed1dd0f44cfe9cf3a8fb58b8efc9e28e937e5ea2b499a5c81e253c8350,97,15,
139,24a98cd1585258c2357956e0d780d542acf391c16d8eaf3fc97f33894c940fa0,104,19,
140,80d2bf69fa15f59be0e18190b564e710032864b1e1a2d70981d4b3f5cb969cb7,95,15,
141,94d2fb363fcb275910152a1e5857ec938b1f3bf1e351206fea5a5951aaba79f2,174,31,
142,e24e21dbb4ff3f7d0f3f8e9bba20852fa3b43a75afc39f736d25e15dbf937c2c,178,27,
143,225b10e72d4497b14ba97db7e9050e7951aa67a8cff1954b551e207b1820936b,220,40,
144,81d2d0db2b30ed2ed2cc2a59a1baf8ae57278e0ad96eb50d7931f16cc4bd7442,242,34,
145,4e2dbccf90464a2e14474e9703e8051acd059057fb798a3117d296dfbcdcc9a8,142,18,
146,2d4ab821978a232beca8016ce60bd196833058173a9be40cdf224d09343afc9f,225,40,
147,4e823c7ef25076a99b6069e472fdb48987ab5129a78ffbe48fd12dcdfdbbaaf0,123,21,
148,e7591fafd7f7b17007ed16180ebf403497fda098c2dddc3c0b4266589712ec96,104,21,
149,6cdf1ff7bc7fa9b9d353d55132c0cf287c6d40f226b37d7403e01cc068e17f79,111,17,
150,dc45efcaea1e7bceb576afbd1edf74b9ac1cb2c2b24232304047ca5590201d7b,135,21,
151,c684494fae9b2498cc5be83fb212bf6563e382bebe0e07ba62004becd3e99833,150,27,
152,ab25bca8b1a0ca03c16f462adf63cd22685ab692a777b0bdd5dabdaa9b1fe126,292,48,
153,845c3f28df040f27316f8a445d287312407c325ca0d153866930a18322098252,181,32,
154,12ee3a0be67ca613d0af41085e0cf347aae595fbc4052e9ce39b7117a1959344,121,21,
155,6ba163d04d4b884bf125c7d71b7c5bbc9bf282ef9d935da2bc25a462f6938c46,109,14,
156,9695873ad780a4f67188100450e8d0dcbba7d99de850d6f3e1a8b1d09bbba9f6,179,38,
157,453c48d55a1798ebe6f432d388cce1730d551bf874e53e35e8603862d015cbf2,87,14,
158,63cceaca9e0fcbd739dd41116296bccdefb1abe9e7ab45c7fa7f3224bfdb2d47,111,19,
159,bf3ccf3e7f612b3a668040275160c6220f64f8c5ae8dd4b7c30aaa4b34f03b64,223,36,
160,812a08a3a92c5be2f0fd70723bfc1cd02139fce7eeb08b4edb553aa1d3048a70,204,36,
161,9fe1af98c93298f97ee56fda70a631188b82e398610b34349f5b6a88f333f961,248,43,
162,0cdc8e542c67c4bc7e31e087e2670ec0e871ff90e0b8215e0c727509d8651d22,162,31,
163,0ec31e6084c0297b7a9530011c328103d4447444bc7dc891ee820a1f335483ee,185,31,
164,26ead6de718f72be7fa911c55f4b9ce75179ed44153b4a7fc9d97f5dec31700d,99,14,
165,81c30314b5738223e2a4f7fd69e3d155ec70c70a8d70268bbf15cbb4bf730a0b,102,19,
166,c13ef330443f49f4b89da9dacecf10f60a001cd9136640fe75c34e68b5d4f440,98,14,
167,c6846fcc977825ef6f7aef29a9c740d1d54d8533916c4410b2cfd2c333083994,185,31,
168,d3cfdcbece18c0609b33e37eb0c5c716487fdccefbd96c6b76002a8794e6f852,188,29,
169,a5fca85bc6c2d68b22239ddd8cd7518186ba88c07b8e3aa280655d2811b4542a,189,30,
170,287e3fefc56aed5a9a1f5fba09e758e62ea7607282874cc978bade4df2499277,190,31,
171,a1291964fe96f7282bb19ccd3850706e30fcafd6ddc776f0316ac06d734b2930,218,36,
172,e40c54e556208e89ee06b1f1ae6d14d5903e823418a1befa2d7ac444d265cc4f,312,47,
173,2c8be427ffcb213237fab3572d32474ac469e7264e3b52a13e79efb8d7aec92f,241,47,
174,acf5e399a14b9734906e106af4e3885004262135fb3d2e467bfac780c232ee60,265,38,
175,278aa9524ad23e1bf2c5ac3e4c53c132753e7bfa7946b15bf112e16aaff74522,247,48,
176,d6fcfbe3e09fae7eb52b2129dc697e4dbddae80fbbc5da2c7986a2a0e75afc44,222,36,
177,19e8075d0609c3a1b792ec32956957f3e53ac653690ed65b62146e9c82174f85,137,26,
178,a5943ecf26cbdc03e55af92c8e45eae4446400e46e8f6f89068095ebd19e74ec,146,22,
179,65c12c550416389bfc68d15f61ebaf3fc9cbf506c71e2e209b12f1a9312e5b02,95,14,
180,4fdb1927991dc00357b4c0412b59120eddd837fa8055b11d888a17921117a537,85,15,
181,0d47c0210b5dbe2ed6eda726f0ebe12484711e8053ca05cd23a23547585997b6,99,12,
182,79e3b74949872e6f1141c07e27fc6ac1c70f4b27e97c8123cb4ba4b7accaf970,98,15,
183,f7bd08c792b86a681d74f106f87f057132cccd1ef51e42295234072f54825dc7,135,22,
184,5d62145245606cf657ceb681a90f436840d8770f44f8a9259dae76f04f54aa53,130,22,
185,6d1d1ecd4e4cf12e082e19e37c2dbc6a81fd2a13c49096205e4a4958b0944475,103,15,
186,7d1cc3bf5af92d77794dc4059053df78e5a467fe5087d3d614ddb56b22578173,186,28,
187,cfb12a6307109cf55544d13c5b2e1e76e5a74b65fb26f2f537151d8c0c7649b2,183,28,
188,724aa62380db7d6721cadac570ad6b9d83f316b3d8c5b379a04255efbfbf7a01,174,26,
189,1e158bf33f78221ef03796898e1640815ee0b185a4ab848e7bebfec03fe8e836,98,16,
190,b3bcc8000b8cdea67acfff8fd95a8f59db303a4079b7c6cdcfef839215777ac2,79,11,
191,2cfdd91d91e71e8e90d7a0f574a4963ddef0870b5f5fb2236f554ce4621994ed,188,31,
192,89105cffd12e2d4f1ec3b0efa34550f4e8b54ad0ad7eb54d6868693ea388158c,329,44,
193,cf8369830c20133b050180834b382f1edaea6a55a7436f35ce8f5287b08e628c,323,39,
194,6c0bd29314335ae10670c48e70b3f1df32bef3bf7fc19a014d9873a158894515,346,55,
195,703c47bb3668a5adc4da93439aca3414009eb5f5e767951e8adc99fac55b6374,197,33,
196,01be3cb9b91c3c8d5e85350f31739f43493329a0666ab8d3f8fa89119df75d4b,218,35,
197,a77c310c14dbba952c643804bbfbfdba6d05ce3f463334848d1ab6c512977960,136,21,
198,3af597486b09c8b594d935ad5cea3f5fc7133846f0b487e88371d1758a011e1b,106,16,
199,13dc091d616be18ce709fc8289951cdaa28fa1fae5937a0e6fc0e7e35f0f6370,94,17,
200,6e2dcbc0132f15ce40fbce21ace6f469baf457b7330dcf5447830cf60765b9f2,143,25,
201,7afd8a11e9fc342906a798137e199cde33859160581bd5a2872ce48baa4805d2,102,15,
202,f51a3fff0fb02c48168bcb67ebc038467d4a527be3b3ae18d1f3288fab69147e,276,47,
203,430e67f52f0b5e98453c918b95daa7d65e936de5c1f2726b9393a50838877632,192,32,
204,b0f8fd77ba03a33cdb1c9029fe3002a2670d22c464424a69dd35a81f02a9d67d,164,25,
205,3dfbbb8b12fbf010b5ed80f1e4eac587e9eb93d47db6942c37de7f6bca6419f4,259,45,
206,98b536de6f4811ab75f558feee99ce994031eb3a6075bfe6ef13b10a07d6f1fe,194,30,
207,0a367f259fa28d65916baa67ff1aa88f2f690b8af31f0717b2604dfa85ba5757,93,12,
208,a02bf096755c254589919b9c8b095994ba10f82b9acc38bb68044a6da83de663,79,10,
209,fbb56d04be359772bbd0f84429396b884583ec573d8d53069475f1334dea628b,147,25,
210,c615f34e40b2eca0a43f2a00e39a67c257d788174d1b283b708b191dddf7cdb6,152,24,
211,c462c4a6b8f16e086edd4ad4294898231ddb577e7a2875376a43c7a8d5b1c69b,151,19,
212,01a37a43f4dfe5d9a7edb01b6f9fe2b73c277ce1aa7e1b461203e9b9e510e202,226,33,
213,6ba7a98c18fc5a0cc0267d838a9750dcedd46852a1c9840a0a50a9153ef568cf,232,40,
214,38fb2a2d53e54cf84868424a79956b99cec19a0c408ac90ee900d84a5579faf9,164,27,
215,88d79776663421028052df4cb9b6a03075051558042ac2191e0b31d16e4d014c,223,39,
216,8cfcd57ea6834ff7a89c18db3a883003838de671ad0e64b1d395f43eba73070b,45,8,
217,e3669361d15a703a41e0295a7d2ad1f04100090c5c2a90c4f72d7471372e5d38,156,19,
218,d7d5659789c7de266150cfa6574ad65cc6a4e7b8be91be30f78666a14f59d21e,161,24,
219,b1caa1b841493816d512c8ff6fe7caf322e3b78cbfd966d7a00bcb6609d8c333,213,39,
220,ae57ecde577e5e4e292ddc06a3fb964a0e59f267b0501b54af5a1d31f69cb0fb,239,34,
221,c7522f02d25b3086e70606062e1a75db301686631598ea1722194de912036c8c,142,21,
222,95b1054fe84cdf52b9d7a1288396c790cf61d1c780635cf1b993da9f46cdc68d,130,25,
223,406facec16c64d33c8bb64898c9901ddec6569e5e5b0cc24d87f877c3202e019,199,34,
224,59e5cf985479f929b4b9d746c6cff20b05b7ec8d7e8cb1d76d64b26d74038b4f,200,34,
225,321666cd853887f1bd9710a778cfdf57d7c9ad6ae47bc37eb0cbdffeebc06f20,232,45,
226,31f88a0e14b9ca83d18a542e2b15131f3d7144726790861f6655b909b4f432a0,141,22,
227,3cdde610481363d9ccca62bf077f7457a9057efeca249428bd8919212ff735c9,162,28,
228,409b38a8b8754b47a34bee35f7f7187f10af1e99ee44f1b32e99e2bd05a5f587,131,21,
229,dddc9b32e5e1589c19cb8777a21b1b91ed248b92b8bd4a83751569d1bd6b4747,127,21,
230,61137403021be0e92c3f5207699a3d696f3236c2b49276126a8c28b5af5a988b,278,49,
231,56f540a099dc6499ed91b7e26667e2c8540f41fdaebe751fe6bf0973456336fe,236,37,
232,7d7c44787da8d636fb0ea24fa04efcc46b79c4b6e57a6cd9329caf32203df22e,276,49,
233,d7f4c673560bba57f2e8be5a1605cbee50c72928c482d30601c33392b8ae3c71,209,40,
234,b1348f6a7f279f2e3baf2905659e0821711c475cfb8a1b62da1c91a9a27008f9,180,32,
235,4edb52052efcce0caf85971330db362da6003a7c46cdb2c788ad9917e9b51554,224,36,
236,50702fafc50cc92644da14f35d5974619e5e44d31f4966c1687ece37736789b0,95,13,
237,04745fc362280a2e016fe8de808be333a768f26aef35402e427e9ec50171d168,133,25,
238,ad84d63b135206b07d92efc6ad768a84f78d8a30528767a77643bf7aa3accbcb,126,18,
239,bd6db21789ae8c8af6a04c8a94f0e8785c75c00d471881e751feef9ef2a3d24a,174,28,
240,713370df99e488ea3e07de386f79f828bc614ebb01c9e79b55231fd10dfea504,255,42,
241,4254c821d51201b66158cbe07065ac2c21a2172185815a50a111ba6a90f738c1,210,40,
242,5838fd134e772d908539bad8c7c2419dabd22879b2a3084614e3abad50a78f57,132,20,
243,7d6037e56b53a882b4e34537a6d749207e44f1cdeaa07dac188956d495f7dbb9,163,22,
244,6ea42d9dfac9f57fff1a69a63b93f2327c78c88ff444bb354a2a333695bf37e6,236,36,
245,f79b47ae1d52424ea0e921eaf1b289a031608a57a110b9399e6bab6010f1974c,341,52,
246,a2b270f239c6ef2f9b79a546e7ad99028fc617fd70b26b15171a69d77ba2daf8,85,15,
247,e77297ce0f894519028f7c1d7d332ba74cbb4f70e5510c6b98c6f87b59f2afab,115,16,
248,a0df8837747caafb087f36d75e4e277e6f6ac584e1e682233470986fc5579bdc,140,23,
249,31d92bf654a2c6ffe1563197cea69f4d67b83c29e823c5d4e96a3a486eed8a82,159,26,
250,0d3e43665de852508823129ca15ad18104f6613e1404a28cf6576e1c986e494e,87,15,
251,39a1cd3a33b4c5369c21629307f67de20aaff455f10b8bec28f7b2f9f08f27a8,86,15,
252,2042be718497496acd309e8802aeca2523e075a3038a7957ecaa624754a61c93,89,16,
253,0d142c35a745e7dd5338ab2674c7cc203294822a3b952886c6f4b0df531df46c,67,12,
254,03c4209ed459d0df610ad252b9676cc9e7858b8835ca957cbf6aa78d0853ff68,98,19,
255,85a470caab9957c229ecc0b0ffdcbe2062c21d4c116381c2fdf72d2fd3a1eeb3,183,29,
256,f2a3218d79610186f69db00697eb66d8945f35fffedf3fd6dcd07623d3f374a3,213,34,
257,17f92e4b9ee71606bdeca490341ca18313142ba0188ffb368445fe0ff0b888a1,203,36,
258,7d232a3484848425435ab2cd468ae6abc6330f13d8ab6628a5952e3c2272075e,199,34,
259,9bbf66cf2238f7598459e2d1b2590426f09f8118e7b85fc51e01fed5a761f8a2,222,34,
260,fd3da0ea03711858a9ebf50cddf76bf4c0f7d6d60f02835e08166dc619ae80f1,284,46,
261,9d2258af6ed6b83416a90237e49762db241223d4215423399017d01e5265dbe7,239,41,
262,e66cece4db1b11d045de9ba1652b72dd03561df036954ce43d5808405471473d,244,35,
263,8e5177e3c453b5da6736d44d6f469866cee0158e065b66a83fae1a711f57797f,339,56,
264,66b3e9409a9d8266db12500338588dea4ed126b063380d964b972368b4dc2859,327,54,
265,da2dca5a1231d11ae81d3bff8dabe69160b882ca5f1cd6e0f0599c9eeaaccb58,82,13,
266,053e3e61439900c658845a390c346fd2a6652c1b81115189aadf5d7dca04d43f,93,16,
267,c39f112a9c73bd596333bdde1e6d3b1c59cb5e539f3f82463ba96bf396e4df66,96,17,
268,509f09da4c2c4473c760ee6420e37f335dc33f6f59111cde1617cd262bd2303e,88,18,
269,4e2932bfb18b66fe8a61cec794aa5e6d4a057022c7a18eb05719ad08efe4b456,96,19,
270,4a18ab224ee0b2fb421902a011278fa9a8a70dd213a3396904f0ddd1daa52476,215,33,
271,1c5d56bdee35424341421defc4449b39a53e90967a59aefafa38e5b5ac23be12,217,37,
272,3d62c1d932fd263af34214110341c1c6c6a805b8e0e247f994a2143b644431df,215,39,
273,54032912721f2c8961cdf01998c49a41f05182f794a2b3c09710b4460118ef98,268,47,
274,3f51d90b2c88c0784d3f89e708988ac065f18b9f529c7e239ea4178ebb91eb30,237,40,
275,a667b73717b9243fc2e4f86bc47d2924dbcf21467e58e4801b1c8c9c99902ff8,189,34,
276,0daec3594af2585b90e1aa1145362ac590f91ab5dbbc850580aeabf9ec2fdfa5,187,34,
277,bde133657793fe1773774266b05802a99529e363086079c8bcfc7b1d3672fd98,199,31,
278,f10450a41dfd5e8002ec5881527fce440e317c1cdbfe4551ea1bf10ea59da26d,257,37,
279,03391a54f6d6574e66eb1f8a99b1be9b6c55be27b0f87da80d224426a318156d,213,34,
280,9a9b39d40673e0ec6f1611dba57415db5edd335d2403c435e844856dbb7a20ab,214,32,
281,029798695ce2d07aa555da4a628a63db1a69aeaacf95ea987384e155da539fa2,78,12,
282,457c629128dc743ca934e817c6475770a29b5e2a91fa2ed2e53aebebf7ce62d0,81,13,
283,b617708d31a76949cea570cfa2fefe3ec37a7fdc4ab09ecc6b4c90ef281852e3,99,16,
284,e763b6835d1dc79e8b088d5a8058c00dc1976df485a447af3cefc4e29b4def75,110,21,
285,252ffd63e96e469efb793de5b29a2a5c5c24741b0ead38b3318e40f15d1ec9da,96,14,
286,37c4d182d4bdf2ff01ec03ba76bf26130e43383202373138e81075db6548b620,193,35,
287,6bf2e35194cfbb262e2aec3bbf869b0dc70899be429bf3d1690699d259fa1147,228,33,
288,672b688b058efec275c19db2029834acbc4555a0439db037baa1eb9dfbbd1c92,225,35,
289,f77bf9f9f7412b2b1eae137437f58252364eff1dd62baa5016a897791736a9ba,257,45,
290,71e907733f20c4a9e306964f36517add8b88e1d12adc74097aec7c39a48b255a,145,26,
291,55d9746e5fac4754c8c0a6718f8f4cf43df85c06da14f4e787a31046689b709b,173,33,
292,06d281e82766968a4d892d61ae6c1d0dd7b67098aa9daf66316f8a2403416209,188,31,
293,5a511a0b23ed769f9d15920b8171277e60c478acfd60f53efff1544947cedeb7,215,39,
294,48a42e5a0be4071cc7663a84b1275af8a48d7c2bc25baeaeb33350cb947c4758,104,17,
295,3563687ece590e984a642171d93b31b6b5fa512a48ce49ed63fa43ea5ddabf86,101,16,
296,425cbd983541637188e10f98ad07784f4eb1414cd0deb2bf43cf8118c06073c8,97,17,
297,3965ffe7014e6242d16912c98be731e5a43da40611d6752ea997aba69ecd9a1c,110,19,
298,6f523e4934a574b4243fbe47b148a1a134e281a004e9f5ecacd4e77c6e9a7d0e,101,18,
299,a827ac75f1cf89b0c5b3a77cf39fa46817563c988c9a73d48442950660846d97,244,41,
300,9608ff312f8426f8772c49b867fd29f4c447a08a101ef5f3409d2247a943d5f1,228,35,
301,6f2036afc9cb92bc915d166598baef17728c96e8fd9529b2933a4a04b86fc40c,263,42,
302,c8a0bcab3e66ec61bd52fc2f4774707d0e1b85ea172c70a7689039a2e7b33ff8,272,43,
303,5984d08624efcd6552525797f908c7017a9cd30b3bab798fb705938212c73931,121,22,
304,dd4e7a98ca671422ffaea7d2e1e13a9f16bd8e7433c7e2513d467dda98843371,208,37,
305,1ede19566323fbab28b567a7fdee70dce780add9e22debb56751069f62efa812,148,26,
306,ee3d121e1a3888c3920b74ef85e895b3626efae9b8d6dcf7bdc502a032aa3c17,157,27,
307,7a4dc52315ee4726cc26707d96cabcec3cdb4e386f1da8295631793b1d02683b,154,26,
308,b1ae6e8923c9c530c6fc167ad608a12fb41324ee458089d582a52d42808ae59e,149,23,
309,e27c450992445c8e06995dfe6d3ffc08b934b49c11fc865145f26aa8b3ceaf21,141,24,
310,61fe90e6fb46d495c19d0224e8230234efcc1659186ad31e692bd4744192706e,143,25,
311,e8a03f7697b490c86a31f5ab7d66ce7046f9d551788cc3d26ebddb8a7ab66cde,259,39,
312,f014542277022092de22689c3d201244ce97a550d707a49cbbcffe8bd3701bbc,215,29,
313,00cc2fe777b93d455574a2202c9e8977dc237aa1acb90d0a27fd891ad4737cbe,160,21,
314,5811391c88478c015f7f9a4125dd3c36912ae433cbcaa265000b96e900d4424c,314,49,
315,cc540e8a763cfd176db6ca5ef60e53f9c880cf118a4e8fd4a93edd093d97f8b2,122,20,
316,58df719d7c1784808c5d6a9a8519021374449347dcbe6537196263938fb6b692,77,10,
317,f5ba0a0f8d66d7948c312326de362c17128d891eb7ea22a3c91c1f7f1edeb195,93,15,
318,60a936b1d1148c790ee3f45e2642c83465c4ba5e4ad709c07b2c124456433618,238,37,
319,8df5afecd44fccb4d9126a870efdb40b3e6b224cc416b4fa9968e13c56c90545,157,23,
320,7cf3e806607ca801c2016cdd606126d35e251310c533dfee146fc16c09ec1925,164,29,
321,9821d16bfa35effef0099c375cccbcb378838ccec49b68be80a02181f82dcd3e,266,39,
322,2878ea9feab83f440754cd8a0c93400bb8f67d41370fda897604aca323d8fba8,305,46,
323,5b736d5d486e361d15be949bc9b1c977fe730d8b8cf75531b3a51a553cd92bdb,174,29,
324,caa3218673a3ac85a4addb46f9e4c01161db32ef25926d348c1fce0dffb74494,74,14,
325,374eb979e579c01e686b8b22d16a9cb4a01b292d17fcd28056a135cd3e1f2696,231,40,
326,821e5d0f9329e55c17e19aaace8d23671d3dbc592465a8de9ac7e7bb29c60fa0,106,18,
327,218090a8722d1c8a1c13dfe91d30a8dd4792942c8040609ed13218c1ac6a7a03,212,37,
328,8886685dce2620f4a7b85db76c9814e8ca60e462a259f24ddb07f448f591e6fb,265,53,
329,905b116545d6617015b50b36178d03898808392e67e88a09e8c280b42961fc23,194,36,
330,4ac5f07abd6116a7558d34fa5b2179985caf6e471736f6b94ec279491ce06e7b,192,34,
331,a36cc86620b43dec889f7fa2e093eb6cf85362ceac656a13e154c83c000174cb,222,35,
332,61f893ac9d49c3142a0f22a2a033c2f74e75cbfff052c576fa4586341a825085,78,14,
333,d8c5c2a248ffc6e2e87255370bb9e135d5d5f4ebe17381ce232a76ad845bc462,105,17,
334,84c12c5f6c29f304a42c51d535610e93bba2412ece108a234e7bfaea837ec0d0,113,20,
335,a81018627f1f3f5fac077ee61918345845a5c814e526c3436f75031db6570d64,110,16,
336,dde807eabc0f0db2338780877a5299780b4f49d697b4aa878fa3d5a2486235da,188,27,
337,8526047a1ec3176da0dea3fcff0aec6a297a62cde79a2c23c661de00d1bf665f,179,28,
338,2e8e3249930ebcebaa2c2d7162f04bcacb09b362f4b5fc6cad38b4106ce106de,160,24,
339,83b9295d9a0dac23217c3c3b633ca44ba72456779cdc1d3192dd2be1a26089b0,134,22,
340,75aa9775af650b9912d0dca197b7a880c7822b91450748dc6a72b286f7765b7a,169,29,
341,d6d85448b4e64896cb6eddeeeb14d645680380c51209b1cd214842560b9e2089,121,24,
342,363e71c4c3304497382d0b47e07cac34c709db72ad526da17816f347db9ad364,130,20,
343,eef42053f4f313edf4a85af07f29e4aec8f002ce86bada09c39e4f7631a82f8a,170,29,
344,e84b0075ff9cef32c78ef6e27620febab1cf906546ae278cfc6ef4307ac1ebc8,268,44,
345,41416781ff465e7ba79e7773d72f44b01356d9e7ca56661eebea439d921b90aa,185,33,
346,7b7ad1b90c3d0d1df9870d1f515d15077084be32c82edfe782a356a800ddb2c3,359,67,
347,ad8b6a98e35b9fda65e4254fe4b71aa3c3842bc142d4ad27d550bbbd3b717a81,336,60,
348,9bf63e0093bb44cb6a5254bdbbfb2b0cb88f7a22e4028d89ef077d099085af4e,170,26,
349,2d654ffd7420151ca810b0a7705a754b669484422a9e26bd574b76979cd6b24d,248,38,
350,3de15002b269b6d008500b71491dd31c5f1ff8567765b639a2ffe4f101b42a8f,226,35,
351,7b75336826b9807d0b2f56a06415870b42dddc0da3daef246ee1b83c8e4f3d5a,244,44,
352,63021293e505f11afe40fb9f135cad88e874aef4a127bdc0ca4c8c315cb62214,111,17,
353,f02dbba4f4cc6881cf6263db3b01a6c3181f7b2a7fbc0f1407a09ceaee70ff34,103,17,
354,222a31743d87fd955f93a0639705ee4d54f766039a5963a60a9ea20823eaad58,105,17,
355,fc09c6175ad546738498ff0d00ecb76c6db3c805140fa28e344e1ecb65b8236b,91,13,
356,911f76581a0822bf7a070934154ef192dc2c4e5099b1dedf03e67a87651852f8,229,34,
357,e8c9417edd65fdc42b21f399999c061870521ea890bbb66ca153b477b1dcc599,243,42,
358,261647c57897f1255b92017c0e4628f8512d526805bce1273a65857fa000ebd2,186,33,
359,5de684b6c7bcc006f0a91e10147c62fe62e066b1c2a80fccd94a5c4a7fa92d27,162,27,
360,88aafd6349c4b6548aa531cd59e5e214c0fa4e156132a21fe0f4d4eb0153094c,266,46,
361,9365df4a87b95ffb43ca92ac3140d958a42532fae7227ede39a6fa4477219292,131,19,
362,e559b596423540ad2dada25b29bd45617ff3a90b9a5686e3500d658363ebdcd6,91,14,
363,d0fe521a2fd9adb752af1b973e3db54fae99972b50680c3256acef23b19212e8,207,36,
364,2f4778ecdb5d593e9df935eac262773f3d943d54e5e6b629844010873c019ab2,114,18,
365,2d9cf8ce01920ae6747541fa1e73656521ae6b830a27cf37491b9af074b09420,183,31,
366,c779978a2ea3ea3547849decbb4dbe8d4385d0f71b6c9b3ef9c84c12fb2efcd6,151,25,
367,29e41179a305c0568986e2d09431f4eea227ad77c05e5bd07c2e1d3433987377,214,36,
368,dbc45e806c481730edf565a04805133d6bd6cdb1ac32f13a031a0592ea56c436,255,47,
369,39dc7e0ff089cf8847c5a698c755de06bdc8aa0b6d0d49db043cf4bbb5bd736f,172,26,
370,db250f97e7398738f327e7d300d4966fdd95a7a7ecdcc38e94c2bfd9d70ff689,393,68,
371,1a594e566c3c56a7e1e3fa1108e84e530273fb88f8f3a1c972f9e434d9bc31b6,108,16,
372,dfccc883304b67691ebaec7d01f5e635288ff671325a8af156d54a71c642078c,124,20,
373,4493b66c617d487cce2ae3eb87dbe9a8eacbd7f475875ae45834bd7a96f1327a,228,38,
374,a1cf0925c2e03504a361098602a20e10f8f0177814397e65eaadbd44adf58e68,235,32,
375,bbcfc54dbc73c8452a067323be708cb6cfd41a67bb2470212a71b3ad72a8d39c,163,23,
376,ebd96da44c652f17544602db11ce0938858c51a79867f0236370b872a0a53e8a,169,20,
377,9e14ac207592cb0b210b596becf138eb7d50ef57a0cef1ddb1a1b8e53112c822,192,33,
378,cc8a7e5f6ab67f6e9af0589ae41a86c8bf4fde86fa5d8bc34d7d1f78df22be6d,214,34,
379,481270bd412f5d3054b4a84eaa6d723ec007af7d8323fc158d9c69eda0c54f0f,257,43,
380,f74ab7b925deba58d6a7b494da049e40818c5fcf81203e0df781c2d7d5d68ab1,236,36,
381,578ce52f29103e49687921298d9da70c521f633b81061a6267cb6f864e4a4b77,261,42,
382,d7d6142becdc7e16158fc594cb67520741e2407049e8a9916b2fc5cf7fb5c3d5,171,27,
383,c93528b7db386891ff48e34e170608d430c2a1be841210dfbbf52f7213f5de54,234,39,
384,004355d8ceafb5a02fa2879eac208acc7a17d2b02f0e7d4dca55c6bd9665cf8e,186,33,
385,90561fb1204ae25e32a896d5c84531338e9a119a322146835a5831692e2a4d19,223,34,
386,6a678a4b8cc16f018333e63fc74e08cd0feed19eddb2ba700366992ec6ee7a28,114,17,
387,6d603e52983f38ebbf1e678004c41ad6361805e94efb51b67d86cef76968f685,128,20,
388,4e3af14e86278992735c9f3ff43287d32fe312d67d9b3ff65df01970d32856d6,236,38,
389,05e63a9837908b68765809fcadcb67873604b5853f6c180ff448c44b7f19fbfd,243,38,
390,f492a8fd169ed1b4b384849ac3a9723d375f035755d76067cd38bd8f35a84686,246,34,
391,509e8177509dfb062b173f12e43a5adc44591193c0ede078b6f37ac26689a595,241,38,
392,95895b64e3569bebe2a80d81a007f5551834c3565a4724cfe8a1853f1a4b2a08,186,28,
393,d86216a7111bbc7de9d0c691a353ccc8a34626e292e0e010155ae82760af46be,186,30,
394,988b0e70f017a8d01a7fe30122cdd0516811a3fc06cfa39b21e81f1bc9b4f1e8,168,29,
395,ab514814be7a702d5ef9db84a1b6c94c876e558caf0494fa3af38e88d2098d5e,180,28,
396,1fdeb1040d672b8d24b78470a2b84429a488218f89c0e2bbd2e1233f11f365f6,238,38,
397,11c3785892f0d5f3678eed1457720d6b05edbaec762de1172eac6dbb60130b98,193,27,
398,4ef3b634e8ef34c92f1e6650b46b0bb0691d6882d52972530297daf6979a8f60,341,51,
399,5241780989b24e085d651e2161c6144f21041630145a04a4918f633cbc7995d1,283,41,
400,704a95acbe5ded7495f8ac2c57e8016ea28a48206eb538f498cb99f943915ec6,309,49,
401,40a1324d524c09f706be4fe35f7a5eda4705113e4cad2d5a6638cf6795055c53,114,18,
402,2fa5f6a775c12ea3852cc9a73480d8e804291f4d8d381a65635b1823d3787b46,137,19,
403,98b2826f5feff89cfd3ed6eb9c94f5d64589ec19e48e56d6b1a5fb22cc9774d1,272,43,
404,bbceecd1f28a895baf8b398adaefe1b471f0290fb49317b6151d7baddd4c6757,122,21,
405,4b827cdbaf0fafaf492ecccd89c22e2080c1dd31093278dba5f31f4405227e0d,73,11,
406,f543d6c0c7f3d6cedeb6ff9877798da9c07764232aad4a46913b0853ce0ce22c,97,15,
407,0195b636ffa612c2f1a2b560175581c24f8da4c54deac671353c2628ec7fa552,353,51,
408,93fa99b9b0434b4dd3dc6a975c7dfbe29f6158efecfb8a93e043b269bf42d073,220,36,
409,ab1145c96768a167422453d52a709a971d810218cd0ff503a58578c6eedabc3c,245,41,
410,51b71e56731d6d74c637a1bc539ce75cfb822f87a5c7c3de902a8d7fd86492f8,263,50,
411,8f9f05d50a27f3cc5e82012b92185b469302bc171d2bbc6df544df931cb15f06,317,51,
412,eb45664dc4ee286bca4923d5b18801725871c9639086bad6f9e3b48299cd6b77,216,33,
413,007dc4130ea4abb9e474d2dc229db8b6ff219e902e55015e051986aba82d1550,110,19,
414,cccd8e7ac0693279ae938f204a3bc6fd3f6d6ff431024eac51af35f091394512,127,21,
415,6c6c37a89c090d11f86a55a771bb785932cfcdbd120c352ad954d4000c16373d,149,26,
416,e597770f01dfef5ac1593d86cc1b941e6b5e661f8472002278e71e9e941b43d7,62,9,
417,a9bdb25e115c272e6dfa769e7f993bc59f622fa7c5b5c60c917066fc49e599c7,196,35,
418,ae0fa667af009e987117918c28e50c4ce2c54b2a48f458a4c19ff48bab1a774f,200,34,
419,3c8f4d94cccfbbe0c7f597681ba8d750a3e714b2b783607ed200c8fdc4b97c6b,186,28,
420,92c3f13422531190f827349d17202513cd2237988051cafabd26cb7fcacfd09f,205,33,
421,e2009dc777f49461f9276d12151f30597a942d176cbf9bc5b6724f6eed75fb88,121,17,
422,c8d0c3210f8e456cf80e3cb3c831d24f96c82fae437aa4dd4ae36b723230e7b0,151,23,
423,18723ae7c62fa9f8ebffb471d5ea13aea2ca4a95e20ca9ad972442a0875a8d30,184,29,
424,9a9a2c3f756ab77fdfdcee71322e8b1ecc2c5891a54c577bb7fb80b2f7e0ca2b,184,30,
425,3e97366735ae15007df54507193ec22b83558daf7da62dd795c32c95f6c44962,180,32,
426,06e535d501addf5c85305e041fe92d516f86727ae7516b52bf30231059c9fe02,124,21,
427,0752316f7acde0e9303f6dbb27f190eadf3ed995a7824e1ee193a9cd360a04ce,146,26,
428,9d4a51a4024b05249c009df2db581f9b01c1659ada74a0cc47aa809490a93b2e,205,32,
429,54a624495cb022d7a92907d6ae568445f0f895998371fb083b5f1c9232fe9142,186,33,
430,01b51068218897e55eaacb65a1fd22b0beeedb71708a75007fb4167a466aef5f,158,25,
431,120aa92435375eb841f43687b686ed57c0633775a4b08904a411131ee3a47024,90,15,
432,116216482e0f0fbb2b60e5eecd29f083c33d6d2653449e14b34e845d464436b0,142,25,
433,e263f87958fcfe214a5816eb24d2e2213c18197fd4c28170116ee2717ba79150,188,28,
434,7d5115e9472927a7a3d4300961f742907796ca9d66a0a8ed91bee11e0256333c,138,24,
435,172030646ad780358552c6fffe2390389b3cc6e7f13a00432b9c3ffbc6595b57,150,26,
436,931d03c7d271c62a9f7b67ae76a6a6a25a10eb3b8816396fef5bbc8b17a2fa8a,172,29,
437,7bc57b0d39f1ab0cf3499e393a8a682dca8781d8fcc2382c04d724227040f357,163,25,
438,c7bc176205af5a2f9f072390a3492436afb5373f14962ccc5504f80191952bf5,200,33,
439,7e9906eca48695df71977dcbd2baeeb8a781c29f7aa7ded9d49e7ff41b474140,185,32,
440,d4fec3cbfc6e2bde53516a4648a1c54838cff3f2b05bf9bfbf94955fba3bf9a1,198,37,
441,3fe0d38cc5f2691cf6e8682c36bb6b6d4cb77fb5adc5a92a0e3c48c5b233a2ed,183,32,
442,205afe4ace636b116f8a933f1898cf0ebd33b0db3f2e3069b76b16eaeb987bc6,192,35,
443,94d69af62bdaec5a828073e60c3aa1d04bdfd2e5c94111e772d41a5c33fb31b3,195,28,
444,d1f732a7fd347b84208f6eb0926d4c873043d30bb19a0df2a69524dbafb8eb12,160,28,
445,09b8f034e7cdba4a6b608d48c3a67550f3c9f904494cff695f2e27b87a9b15b4,204,32,
446,829eb15c7aeb514fbd5cee21b4bbe2cee6581ee5408bb6beeae2827c1e577e97,185,32,
447,ff6f86a5a5b244a716fc685a40c269f8cdfb3cce2ee5a1cc2a872eaf7e3466ed,191,31,
448,1678b6c82158527d1e1569c00ee738e154b1c8e3968cc1dc67f2895aed595dc7,152,23,
449,ef13b8f5b20f9e003aff6e57d0b9190701319e332bd03f0c86203e3f4025e302,115,18,
450,d05fd0ca093c71c94189dbbde09be862410d5384954fd09d0f3188cecbb64661,183,26,
451,8767b3cf41c3a899280cbdf69898ce0035bc9b258d26fb560d529c892ec7e4e6,209,35,
452,4b38edf4fd1b2adf755b8457bbf501cd6837119ee1afe499dc8dd2d5495c31cf,189,25,
453,6738ea688bf2ba3387c834a6b9a47f28bcc3aebf78fc4a162fd5b64f9f12e942,199,39,
454,3655be2a3e1d77e413945fab4a5abc99ad0e8bbf811a20b7f7bc5c2dcefb1537,190,32,
455,4d6366b0389b8dbabc6d1320431528a32cebe95cdcd36d71030c0bb448f35946,177,24,
456,5aa6870bba8f837e7c4aa94011afdbf9f881a45865a3aa4c6df9caea04a9909e,178,32,
457,1f27e099fe506382dafdaf9f1de28221e89438485bebc24b4bc31d3d6705d5d3,210,34,
458,00447d106d0ad7c0bc0d3e2f7d252b2ed8f8e402b3d58e04a852ba4462a1d640,163,29,
459,9e1551d3faba83601402bf5f2b1fe75688ffd5ff7340f944cd824901fba8fb50,121,20,
460,7e7e0e350980835193cebfd8c6c1506b0a62bbbd23823d5130704f8ecb19e69e,97,15,
461,4623a388f01ff9c62c33c0a04f3f836623268e2ab538242aa00e91446602001a,204,36,
462,df300305430c479d0ad6777d98ea4921a4ab12f6701e2cfb0f36c1c15e2a9e1a,193,34,
463,6cf229f28d75ff842b0a955beff084145fb73c919f48b6204a32df304a17cb19,105,18,
464,9e6e8ffc63d465294a8bbc77be11877579782531820047d2ed2e806265f609ef,30,3,
465,d6417a2269715f93a835906e9aa23e390f3c311f342dbd69efb0bf71efa76858,33,5,
466,543454931d30b49233d3ca793d8210ebb18393986073100e761ea420147c6d62,35,6,
467,e2314786c444a0cbb46cec2b552b92fa138055021d8da9993e339ba30f38758b,37,6,
468,59683fb500db1511258eb4bca66eae1304390353ff1cad4e849e6357070d8d34,38,6,
469,da4d5a0143cf40ef54b6f1fbcb4dd4c9959dc4883337cb2c73c1839b90b494dc,39,7,
470,2fa6f56456b3be9cc203cdd33f601697dfa84ac4d74b582427ebf4f940a9c383,41,6,
471,4bd737a537fa95b4dceaca210feedaac7b068cbbe6fbd14d57c31b5e317e3bce,42,6,
472,493731af84736aa2b628947eb763fb27ba3abf41813d56c27ff71437683c9bf8,48,7,
473,51e5f86f511ae70e5052ed48c040a468371752d91e91b95513799675d4064c1e,52,9,
474,27890d5552da23a94cb7e258e1aca50257551acd15af75a820aeb919c74732e8,54,7,
475,69f7eeb51e29cb0c8387b5df7e534e2f81cd16580a6653ba308c6970d9b33e99,54,9,
476,e4e0abb624e8424bdbb5b3188beed06156debd4dea5680ead09bf4fe64c4582b,56,8,
477,b577dd644492f5f7c9418faca77c32e3a0604552256aec22a96ab85a1d8385b2,60,9,
478,a3f594385a2a833d8146b822acbb1b2d0dcb918a57d4a61f418403d7759e98b6,62,11,
479,951df068183940296522064cb3b4ebbb319323452220ea13f2a2a4265759d927,64,11,
480,e41b05b309ab9d0243cd00ea928910420653d0161b2d300020c3a1120d1a41ab,66,10,
481,a1264873ec5e43fe692bd95ee62d341d082e990b6e09123342081cc57aa70c7b,68,11,
482,8b0e7a27b2477ca4cb8c738eb3732278e7515843b68deb264546dc5e0a9e4cdf,71,10,
483,bf97f13318597b6a81c2e36413071a6bcb059d93207365aca76c4f7973752f6a,76,11,
484,b3ecd900d668352ea3842f081a55f4f8ddf674175c4a4941fad8a06919273e03,80,14,
485,344b18de0f8b6313a95360e1dd898f9515af55946379f6170d1c8884fee42dc7,93,14,
486,83ebf973cc219c180e2de52160cb45ae6fb2b471bc2694baff6e0ecea9938a9d,93,15,
487,51a8eee2bd44cd816eeaffd890112a51b8843756a8dd83c676c7fa9ca0afdbeb,94,15,
488,ca18a01aeb8adea76bab3d354444e7cae1488dbaa3a29f2c4e32dfa978a357f0,105,19,
489,7d326d9bb646d1e7d91ba19ec6d6d3e6e6dcec4bb0aff5e87dba9833e4558aed,122,21,
490,5317309778269591cdee243e3aad69b3994491a1ae113afcef1b82347666ec8d,123,22,
491,67a43b0dc9dd2b8137ab4641fe8f7d8eaca3671b798a409e053b1a5b9635cd60,125,19,
492,c6a38c4f15e17b58f16dd74795269aaa4182de344b6d45a287013f8f2c4da570,129,17,
493,fa1dfde0822657903bc5e988a96fa8f1c76abc1c733343cf0e60702f1547feda,144,21,
494,d86fda4b279d252b9b55b7d84fa6935b683f9ca145cb64984afcce8b2025625e,147,22,
495,3c7346177a79d94a63ad0dea8b8d355717aa704f76b2ebe4462bcabcdbb3e6cf,147,26,
496,a1778aaf7d0b01ac6d5910797f7b08faf6bb0154140eb8a258b2978e5787c866,156,28,
497,a981a0a662dc069f40a548d83f055b40ab5d2b34fd72a3afa4deb5c80295df50,159,24,
498,f508b0107a42053f50d05bc02a3fdeb3d5322cf7239c17f8ca8e7b26ad13526f,160,28,
499,94f50203b758894f661618250805408d6be348547a17ff35d489c69dab3cc0cf,175,30,
500,f48cc8d0a78a31479ed83c81b0383fcdd47f96dd0847dd410a9fa78eca8c14b7,203,32,
501,50783251eaaa0b88dccc3ca8479697a412c23bce4c01307556d6ce9f487fee12,215,32,
502,2b28c18f23cc8890e2d0e6a6d9b64bcebf9005d310d8b39e141d4ee26c9018b7,216,30,
503,e18c25d441c7ff55199e7af9b27117fc14b5277dc3b3f9ed4aabc0eb1c3e0f24,228,33,
504,88714ac3a61cd6f7915c6e6bd1fa113ba460ae88734513300ec29eb3e0d6eb6f,242,33,
505,1e3ed5b3ad54b56a027cea2c9ca9a151c5c7c061a7462d16f4232d6516d9a417,273,41,
506,5fb95d9eb3ae97b4f9f23add34a75ba315b4949f578b319e5d957d4ec4b92a63,278,42,
507,6e21960e6d08c99a147b50dceed8ad0d9e815ddd84ac80d2e0d4fb11e91c0b34,287,45,
508,05c868452c746b715996ed52905a41f05f265cf4568f124be110f0b198c7e2ed,433,76,
509,dcd033748fb8371f40f7873311f5cd1e7f19b015d350ecc1134a9c40d54dd152,29,5,
510,602275d6ca33ef931ffa6c65c81ae53d7046b1a09435b648ae5f15cdf6cca656,34,6,
511,e76c025b57197454d32b8db6e385fe95984052f6c2a18af0c375770601ed1429,39,6,
512,552e725a28f197d1fb08819df71cdd4a0e75c6a16645aeab89ede81198b4c317,41,6,
513,2dc5e3bbbcc1b699b4e7bdefb99be8423c0375f4a48c94f417be20e5e17a60de,43,7,
514,875cf0eae56ffb4de10a46b668c9ffb385f806dc60455bcd471c1344fb651ee0,46,6,
515,7e2bec3a21f70e9647e17ff8eed3ec7374310e4893c22f405cd49abd686adf9b,53,8,
516,e7acd263e9ecb70dd0fcf3fc642ae5e72c2c74198a71ca98042c60cd9147d57f,55,7,
517,099b863b62cfb6884510c7a9d81f24ead3809c83c5f249f76d7075aa43f85c70,62,9,
518,a0ed9aa20a26d0f4c1a7309c64c0b9f1cf49f27f18571ef3c49957d6713f65d7,64,9,
519,cf8875feae566ee1243506a9a23ccdc7c4b7f3f2e67ef4dc51632fe7028e6c45,68,11,
520,5ca81d27e4e678d1cfe4325b6630c0bfac412b0daaef8840ea313a9fd7cdef73,71,12,
521,d6cb22dc73b6b1a7ae7ece6f2ab546e9d39be4f9c05ffe446b12f40383842ba7,73,11,
522,bcef0331dfd80130a05425330ef265bdc7c00b258272dec50a6eb5420b46456d,78,11,
523,70567d8a38b0101926f75e0a602b99d63b27a627c7321b7495cf1dff53f8fdb2,84,13,
524,0eb4df7276aee9de77977d1e44a2e32314bab23cebd7e276bd8c5c8453d386ab,86,13,
525,ba6a1b90bdc3acf7e4c7cf9d2aa04c8993cf9ce3a1aacd6a02d5e7a73216ac7f,88,12,
526,ad4af2bbe438506c49e368d7634f29e1884c5b14c8b86a1b87ad0951edfdbebe,89,13,
527,5e23426bebdd10f608beaa2e5e4615754fb9d9900d28191f7dc1188082f75197,93,15,
528,1914342e4f1933d72efc753dc325f1f3aea804c6d9beb622c85006cab34b8b24,96,14,
529,505ba576706036c7abe3b26327b09686ebaeebf062bebb597d075ccef5c50244,101,15,
530,77a79198ffdc5f2b70ec3eb6530c85eb27feed83a32f0eae1807c628c0584a87,110,16,
531,bbc102a32e5ffed64be638fdf1efe06431ef9d25d9d1b4e0d485d74865cb9966,114,17,
532,3a6c38e0e570ff59d2209e1471ec664e80ea64bbe0e5cdefa75cd1161b561854,116,19,
533,88704a96b2ad09237d9fdafe5fab46ff76441649dcba2f74540e1e66f7faefcb,118,17,
534,52f8761ca0d041bb3431262a973f0f9a47a5cee36090292c0eb3d861bd8e19fa,122,16,
535,79ecccc7fb318e15a45ab9d2f12a1bf9adc9bf08e5154452129a3e1de168337b,138,19,
536,2954c0023b0a543b30911a27a2a13fc8a492c3b5dff299a8a75f2f6c0ac5001b,146,22,
537,6fc6475c60b38659d2f473bf9b1c91d432a110ff111ceb111089364632e3b157,157,21,
538,d285a2ed050a1db5d031ba93baa51edf0b607f57bba6b8c0a73f1a87b563cc3e,171,26,
539,58c010ae0ca76d2acd3004571275a24eef4ea8d10573c3fe8584d1c3d776df7a,174,25,
540,7533dae2d0db7e604380aa8b6dea2e184505b7826440a9ec50bc3f6cdfb8b908,199,32,
541,c163a7863f550b36df7c28244137f66ccca8b606f68f3138a6ae8ef794004237,206,33,
542,ca42c08279786feb707ac97cc93d4ece21a6ee4e9bfe1a80f86832f48f32544f,258,36,
543,9889e175185080184c3befbc93fa1f124a50d721df4778b4fa504c3b0de5702d,305,49,
544,b31c232acb89de8676fa263fc5700ea4a452fe6350a1c330c07db3908fa99d7a,76,13,
545,b2192272d4f894fd6d75cee157ef694df359771f0c1101295523420898370da9,120,19,
546,c9a9756841b90e31cc621f1cfc2dd55048b888b3a90086c92eb00b569e5e5c3a,156,23,
547,ecf5dc1adbe88939dbd7978f88a783f65cc24effcfe9394d73e8f34fd0c91c26,173,28,
548,560aa7b2d8f851e2714285ff5510a37c89f3997824f210047eb7672689fbb1e2,242,38,
549,610aa7f73ae470d5191e6d91cbb475fea5a843a95f68b95e73f005175965e5c6,284,47,
550,87cd321d70576c82fc578ed28954e07fd61e98846fb459dcee43c1c7be0855e9,296,50,
551,1378e595520350b169b0cfbbfc98f39cbcaec1cb2c102f3c53d80364d9e615e2,412,58,
552,e64686732428b0639c924f9af5a45aa609e3cd86660cdfe04d167b22b38fe7a6,426,64,
553,d9aa99cbbb705ba591ac888b8ca42a581852509aeb70e2b3a5bf74b23be18f4d,27,4,
554,80341d2dcb49ca22b69fbbb92031e86e5a4424ac2be14a1098aea5c7865140c9,33,4,
555,ed570c1d589ded4eeb4c0a38c9c6f31eb969f316595fd7f945c949835618cfc2,36,5,
556,10975fb2e0efb2950a346032f752dd256683194c6ea019eaca9b5e23540169e9,45,7,
557,dc5f9e417c11a468385987d66af6a18a7efcf649c77803ee6cd24dce2fe54511,46,8,
558,913c3f8ff9aefe60d8baac1a7d3cc11c6c9f6d470b9759d94001e1e1748a83ed,50,10,
559,4cc13e74df4c8ac23796a0572582469ee22b80d2af77d244ec14b9c5189cba3e,55,8,
560,8ca0011c7007bbbd5e53bb6964673cef6fc237293cd9f0da4cb672d67a0058c7,58,9,
561,7493b89fb1e46334a69c6baee1ef0fb5098ee3bd6036fd9d1303088a895fd8ae,62,9,
562,696677ac5cd3c2c144fa6aae592c6738589ce675058cb65204a2bfd9740d8e22,63,8,
563,2f092e56b6bebcdeb8189c9a136ac6f5d0bd1f5a7a5e850eb5f150dad6e9ae01,66,12,
564,4f00b1c9f11ebfc924a548ca2536bcbfe2b71bf8b9af9449ca5b3af3172ee77b,69,10,
565,b4b7831aff01e501324f26a14a099b6aa852b3a497cc485ead44726db21574f3,71,10,
566,ac75520061eeb02fa24418d77cd7ca3c57c338d7c68128a8d702b4a782a79080,73,13,
567,6c1be667a10134825a97373733c40bc300b269c7e669f4bbd2718e4df19f9798,75,12,
568,3210ced8ce650db187afeb018a74e5dcfaec952b3a2b926651c8f7711599d86d,79,11,
569,acccb483751b024ba8f8fad280d39dad9ed29add3315488ad1286603d4cfa378,79,9,
570,1022c459271cbba1db0f62a1a7e3b8d4ac5034b2a9c415139de7df58005df0f1,82,16,
571,abd578513b04ac689534fec4b12c322f0ca649bf5a7eeedaa4cc13aa9e83cf00,85,14,
572,5a94ee509a09076794a4246538968dff2cb22c80cd8c78091420f731b2f557ff,86,15,
573,5ed462712b34fd4436b780c36aae61fe4821d9ed7726c47c07ef5d39ea9198d9,88,17,
574,8ca2370b459b97d0ef502337accb26540dba25ff91d75065fe66b26d73c464bd,90,13,
575,f0697ce6bef11e7ede8700b9b03d86f6da5481a92f0ef1c08942ac0c01ab97e8,93,14,
576,86c30a6ecf05e4a3ec4c184b9c36f0b65e296ad4763de9fabddee23fb4b200dd,97,15,
577,aa2438d3b8612a7618799f022274b3b99d8a7e5d1623e5b6e6d0133dadcd1276,98,15,
578,df20d85d6207b613db7b9670f4f2dbe0faf8ee2946e336ae5dd917af9bb27870,100,14,
579,65cd63cccfa4f4c33632c86a7df15a60833b7755adfe4c0051348cbb2b62a4cb,103,19,
580,02a45c33fdca71df7c9d5764c16ff19796cf9d347a3a85c3f41478332612e0c0,109,11,
581,d8752a6458e0013005c4439c09ad0a14f8a83b31d3496f86317986b4a2d0d88b,112,16,
582,bf20972cd4e7c15113757b0d6b7377c45b99a828f9a70afad135ef3426465ef1,114,16,
583,737acbc2be14682e7015548df8d76059331b32d387dd334f329ab32cc48d09b5,119,22,
584,ced5e30c0b9f20fc00e4716ff1f0e9707b0f17eaca607a6673df0a1bad8602ca,120,19,
585,ccea6de5bd3cb515e2cc65f7e53be38ac17344c26a3ffa4a0e1f6a0870098288,123,16,
586,375b93154f59b75af90a9c43fe1c7f8cf6c37e715e40f9f796a43483a95be472,127,21,
587,d2420b98bdae06979444ffe30a586211aaedde0c7df8ab11f1a2f5076fa3866d,129,25,
588,8612d76309acd2d3cd5d6747b7332d88cad8ed3f064c94b1dda5a38ceaa80a7f,142,23,
589,55813c3b7cd8de6ea39d608f60255d17b68b197f7e41f76510ea6f344a098872,145,25,
590,1299b671d3a847ef291e227f98de933d31384f6d0d3d1b30af8c1eb23717abde,151,24,
591,e6f19a0a25da7fd0932299ebba4c5357eef8ce9ab6083100c90a71f6d6e67eb5,153,16,
592,fe73fb43b376573d5a83c3348169ae322963f1aecfec371e9b4d00437d9ef297,159,28,
593,303f26e49b7fdf49489c5d3aac613cf687ea6be905b1e89976a6862fa9ffd6dc,174,29,
594,0dd7ca011d42f8fa62a8ac58e0f0aad4e255b12f786759d890af98fd1de53bba,177,29,
595,972e705c783ae5f33fe07eeb7bc2b6420f8f5cff084f84f5f62af9d7e875a8be,188,36,
596,4f57c0e378a0563c5000a743fc81c886b2966d803b62c81c238a9afe057e27f0,192,29,
597,d922ce1103674d37645fbf4c5e2add8a679daefcd6cb7c2a8537d06ad3ca8c6e,209,32,
598,5861e849421b7502af6bcad1f6fafb87e57af14bfc47697d92fc8dab76b223ee,231,34,
599,0c7e41cd53a9d9e5a5c0d3a05150ff20a6bf0150af9aa6f78a54c5a89626b4ab,242,38,
600,fa351c58edf37546b10e1c70ad38c62923da0cefea76565623e3eb90df904553,271,37,
601,1901941529b7564d41fcfe3006cb96b6ae65888b1b2d12f01758fdeaec3106aa,285,39,
602,064be7ae96ff416f7a4cfb9bed936c17a7f88731d60a8684c955884432c28ba1,423,67,
603,ef17fe4840a8bdd5bb27ad27e2e76f7e9e2cd2546389a780fe58e23ea0ebe37c,46,7,
604,517674dc302b88c99ae9d39c4a660b286e1cc27e720c0c67dec2cd802673d7a6,51,7,
605,c04561f08b7748d16433a938dd2ca0131fdc528473008f8a1fdf0aa28ca99f98,60,8,
606,663f905383f994f444a97badb7aeb4099c4ff2dd5b7769f6b938b032df0a418f,63,9,
607,4836c96ef42b571c29286b5303390feaeb206554d718c1c148bd775d4a42ad4b,69,9,
608,90217863619a6e2bcbeadce27e6d3bec6cd6a23722074c09dedc0a0cc68c6fa2,77,12,
609,5fea770478829c2db85924321f946e33b7534c0949fdc827cfbc52c55a3315ea,86,13,
610,26eb94eb3dac2835583ded698529324b51d9892da93cf532c657aee69dcd14ea,93,16,
611,5333d52b0bd1cdb4731c53e8f5bfb144aaacf54ffc4425bf774f6dfe0ef04d5e,94,15,
612,0cf1f5650acb54f69593f24806d7e40cf2aba894cc4ae835f7ed175f5edd59fd,98,9,
613,0c86acac20bc41aee685b550ae72e0132f9cfc1635f8a20a7cf991953af52abb,108,15,
614,b74735c4376db1e7b4372e8364b3a628f71264d376668f0972206e1297219277,109,15,
615,e8330cefaa6675e021af778591462bb9badf655cff4c59e23a4b50a32dd24860,109,15,
616,d5dfe2161c2501e6147564b7c43fa8871b60caa5db3f874354a12b148c485fe7,109,12,
617,5d6b9d8a43f97d91fa5e71be3284828bf99c5b2f45fd51744ee0ab943ee55f09,116,10,
618,c987b01f06b8edb432937615d299790d99fc34680eb37340b301eddd963713fb,127,23,
619,8213481ffeeecb556a235b2b66d64c71fffbd2df91c2984226dc5ff0efa42da5,131,22,
620,b91b944bae05fc4688a522696de4e85f01a31679d99ef6204afd89945290bdfd,134,13,
621,7329734c27162f9debc2c83e0ee314baa2676bf525201189cba84f1364edc3f0,145,26,
622,1a35d85a48a12a94b01ce26a6428a3de23d3eeb8e43e49baa597e0238b15c3bf,158,16,
623,d5c931316e149326c04f8a4082d80651007bbfce13b2dfc03240f1e7a65f27db,169,26,
624,a2ceb9013ed0258c8603ff5160e623194c4bfaf67983a3aa0e8ff51284e39fce,179,26,
625,3ecf9801c106923526475245bc41f96f510967aa6cbaad48157ba83e0fe16308,190,26,
626,235b13c8921b654c2a8b3d31501cf99a5247cda74b64a13c028fa7e99456cce0,283,42,
627,be2b3134e395d7ccf46e022afdedf984039dc8c4e56dde286ed07d038fd0e9bf,409,70,
628,45bd72c72ab0337f8ed52f64972203874a2a8c20b323a0e774d4a2b43e2670b0,62,10,
629,0263843ea56f8fb4822c9999777103ffb3148604112927a7ffd5c7ea51f4d86c,72,10,
630,19a08f37573f88aec43bd599badaae3c2208150f01f5342ac57b5674f9fc011a,89,15,
631,4009868aeab92d62bf27185bb41145b0b782809853ba743c0f6e7ece471d343e,105,13,
632,babb564717115395df42fdf7473a763d140127c23f6c6a72c210e11d5e0733a1,111,14,
633,ad6e4ebb6ddcb01ae4ee2e51e0b048d0a094a82d3d56041e97bc884ea2ae071a,156,19,
634,b95d0e75a9c8a29dad87dd341bdce40f3d6a9dfaf6368259c6ec98502233fc6d,203,31,
635,b6ee745ec914be85b8497b940a3bc52a981cc7795451aa2afaf02142ec7a023d,218,31,
636,06215284b598f362ff0c875817f50d0c9398f8146b6fccf687d561fba5658858,233,37,
637,2dcbbd97baf8b5672e45fd59ae5223701a977b09d3ea77c8ceb048f58f3c216b,246,33,
638,e9d154810c166eabfbb9b8f88bcf77bbff19aa18d2389baf16159a1ccf060bf5,280,45,
639,2ec556048043505cc79d1b318b86fb5327748b69466c296ff2e27b3ad42f257a,293,47,
640,45efec0f5c282e37dfd6448dec11bbe7b43bd08675bee3429ca2a308736ca889,309,49,
641,3a75d8990948e57825bc21395cc7360e0204cecad41ab8a4f32a8cf16cab4764,381,63,
642,c36ccd216f4a11eee404163eeb50293b83f650e85164633f3493c544eb395060,50,9,
643,a694316c476f965ec1c8de9b082849fafa9f10141d6879a4a96658655a72ed5d,108,17,
644,43fd5f3d5d80bce9f7949c6c816859f5dab0d886d0f3020b6542881712249319,130,25,
645,2802ab9c629b0073e999468feb64df794dac7a8e4d7be7aac3d4238783d70191,137,23,
646,59acf7fdf5d8f0a996b319a081fadfc91f1751ebd00462abcf07c5620918a242,199,32,
647,5993d9d62606a96ce216fe3c97bc8d2834a82cb5c2cec9e193585a26903ff0d7,228,39,
648,2b25d1c6d99ba7094a55d74a0ba3794eba9db40ce3d01817996ce9510a505d04,233,37,
649,0ed42e42146c4a5d953c261e562df8a861db3f52d51c95d31323b3092948f18e,249,45,
650,a56dbec918971b7883a8ba228c080da7c064080257b162b9343023520c664630,445,66,
651,553f960d9a1203bbdcb0bdc9b821d7ecb0e96cda855cd73c46c92580165771c6,44,6,
652,2cd43bcd12764a185d27891e1aec37bcc26050228c18a024100ab2feed304c73,116,17,
653,620e3073523e753977f74018650cbcbaf936480e3c7672edd81ead5fb9181cb5,128,21,
654,4fe228aab2d6f0f2c7ad2875ff013549601cb93fcb17d1c59f5afaffd01f9f30,200,28,
655,3745ea80e896241ab95a2407ce56ecee0b6f893b5e17f98da529095e88a85557,227,35,
656,6dcfd8170794442a59f0a7b058a8db9bb17da3980e56ba67dfa4130375caf4b2,278,45,
657,6ffaa1fb071f12e8b2da33ad660c5d6d225aa3fe32f1a53d50a2311a3afd6301,280,37,
658,5ae5d7055452c7b52b886f86bca2f10c62b0f9cf762fbefe26566bbfbfc58c35,358,64,
659,dc8e17f8e3a87e1fc4338e5383c7560b596bdbe91fcc742fdbe5da61ce3ec482,37,6,
660,155a13586e7486603448a853c20d200a9d6158218906cca3e020be745e061f55,65,10,
661,01ff12ff7a36052f2495768cdc25b1c8a2275b409a3397bab2b758eddb08d157,76,11,
662,d3c67430d73e00295fa4ecc1fee441e81aa47dff9fab887b2974ccd4c5321ffd,103,13,
663,eaabf508dde08e19ccd4eb71a7a39bbbf97989f1901c8f167512b32e0c09c9d5,136,21,
664,509c0937a92364f845b0b28e5fb10f49e936d5068249cc69a4376e8030d9bfc1,186,29,
665,00795d4df4182ffb6350ebdc16ce8a3440d8989cab1bf863f26cac5976b92c77,409,66,
666,38cfd98cb3e0c325ffb0fbcdb2f4743f9ccbd586b0cbf13da5f156d338e1d403,27,3,
667,9055d3942c9ec29a216473261dfe861c10b68b76ee8a0b8e158140c2a0286e3f,66,10,
668,495963f899362c21704343b145e7fddf4464c660b5409a5c56d7b5f87b46d82b,86,12,
669,456aeadac3744c2fdde4ad2235f5024ef1373a77a697dff75de4251ce117ce69,151,23,
670,21859eeee0b3f2c0d5207470578df69b1b5d633173cb9a598a101e906d158871,220,37,
671,a982b9838b51b0c90dfa31f344d64e5bc808b0e250248d47658985c5ef390781,434,74,
672,70ddefb31142ffee0b71126afcf12c05eea35c6f0a56a43ac231369179e34317,26,4,
673,5ea79af3198c87766d240015f581fcf33f57683cacc88bcbe1ee96f64d7a346f,31,4,
674,f9347948e8c1269ceeed74e98ee476aecb67181ca29013bee702b7df5dd6ec34,37,7,
675,2833947b3d0a4c4a38bd5f115745861e5c0346d1a974b8fd3041c6430d08410c,43,7,
676,83a2f0452daa31b38779adca0f2539767ad533e040e33836718c98860e643a07,51,8,
677,e753a3c751ba940fcf687e45d685d31617941579944f9c6a03a59f23d215644a,62,7,
678,71ffc02a65d720647b887a9db405812b6bb0ca0c05b052b8b96cb46d1d375ca6,72,11,
679,40372d40da5a17ee5e60f720aaa50cd770df891236422db031bc447d92c7daae,98,15,
680,55b7886a62c4621011419a1c6f98d8c583da9bb71ed40e75f1ea62167d3b3cf6,236,31,
681,4638681478aad0a6e64b54f954f06505170f5f3f873a2e481a81de859bf33b3d,53,10,
682,577c5e48171d45f927b84be230a91169908db7be95836a428adcc898df9b73fc,83,15,
683,1e923cba783ef38483f0647a33d06f3ae4bc2f796bfab977073e89761eccefce,100,20,
684,4e1861bf542b89275971fa618737e60d19038321c1f15ed6200e4666aed0a945,120,18,
685,d7302fa97720a2dca6ab302218bf6cfb78340b4c1931ad9544f17f88a01df1d4,140,21,
686,968cfd964186ee3bcefe00cb518194a303b0afc07e075e2e83bc443792d5e900,170,30,
687,f2d4b8fd0b134bde038f07dfade3d7053b2cb4c1f60fa6c16d4166da5da41272,221,41,
688,7ebcb9afd35092b888cd420489106193450cbe5b118c9422b0e89284ad64da70,416,67,
689,507b4f56c0190ca45e557a59026b9c218c54e621a8c60abf897dee4e6d2e40eb,26,4,
690,7dd1ec8187890d70d5f00f78744638e8a3bddb7169f9697615ce6acf0442dc0e,75,9,
691,d785779d32667669cbd1c0fb5fda8376a015cf20d4f66b007b9e67d161e58701,88,10,
692,ae554c59995b539b23d1265825feae2e06bd4fe10e334e1abbc857e72c2a01d6,99,15,
693,8dfeead6ed7df9e9bc9a7d742b387cab1be361182aa60563c00f75086c31eb5b,116,16,
694,08ce92eba750e0a67987708a13128d1b152e90117f4ee260dbf1a5729b38254b,137,17,
695,991c890779c88dd8a2265dad6e6df83027ccb50144e18c11ef1cee45a3138f58,168,26,
696,ece4073175042a8a37fdf4645c652f5423bb188acd4d0410071ccbd63539c243,284,44,
697,76fc87a3cbc52e4991f775441958e42c4ce59563fadd7f7807828ce3ff2e70a8,70,12,
698,bf5c4f7224c7bae6b703e27fd7204db6c5ea5a0014a2a4a733dc3870b30a25ce,102,17,
699,97ccf05d6927c8273440cd50d85f612d2481caf19532f0692c1e6243f12ccf9d,137,20,
700,6290b46e6e1f3b68c54f48f3e50932f0b8166c04a42cb30b7fb47b8fc99fe55d,194,36,
