id,fine,ekman,sentiment
1,curiosity,neutral,positive
2,neutral,neutral,positive
3,neutral,neutral,neutral
4,annoyance,anger,negative
5,annoyance,anger,negative
6,excitement,neutral,neutral
7,disapproval,anger,negative
8,curiosity,neutral,negative
9,neutral,neutral,neutral
10,neutral,neutral,neutral
11,disapproval,neutral,negative
12,amusement,joy,positive
13,neutral,neutral,neutral
14,disapproval,anger,negative
15,joy,joy,positive
16,neutral,neutral,neutral
17,annoyance,anger,negative
18,neutral,neutral,neutral
19,amusement,neutral,positive
20,neutral,neutral,negative
21,disgust,disgust,negative
22,caring,sadness,positive
23,fear,fear,negative
24,disapproval,neutral,negative
25,neutral,neutral,neutral
26,disapproval,anger,negative
27,neutral,neutral,neutral
28,neutral,neutral,neutral
29,disapproval,anger,negative
30,caring,joy,positive
31,neutral,neutral,neutral
32,gratitude,joy,positive
33,caring,neutral,positive
34,neutral,neutral,neutral
35,neutral,neutral,neutral
36,disappointment,sadness,negative
37,approval,neutral,positive
38,annoyance,anger,negative
39,neutral,joy,positive
40,gratitude,joy,positive
41,gratitude,joy,positive
42,neutral,neutral,positive
43,amusement,joy,neutral
44,disappointment,sadness,negative
45,disgust,disgust,negative
46,amusement,joy,positive
47,annoyance,anger,negative
48,confusion,surprise,ambiguous
49,disapproval,anger,negative
50,disapproval,neutral,negative
51,neutral,neutral,positive
52,curiosity,neutral,negative
53,curiosity,neutral,ambiguous
54,admiration,joy,positive
55,neutral,neutral,neutral
56,neutral,neutral,neutral
57,disappointment,sadness,negative
58,gratitude,joy,positive
59,confusion,joy,positive
60,caring,joy,positive
61,admiration,joy,positive
62,amusement,joy,positive
63,neutral,neutral,neutral
64,neutral,joy,positive
65,optimism,joy,positive
66,approval,joy,positive
67,excitement,joy,positive
68,caring,joy,positive
69,admiration,joy,positive
70,confusion,surprise,ambiguous
71,disapproval,neutral,negative
72,disappointment,sadness,negative
73,neutral,neutral,neutral
74,amusement,neutral,neutral
75,admiration,joy,positive
76,confusion,surprise,ambiguous
77,neutral,neutral,neutral
78,anger,anger,negative
79,annoyance,anger,negative
80,excitement,joy,positive
81,disapproval,anger,negative
82,neutral,neutral,neutral
83,neutral,neutral,neutral
84,fear,fear,negative
85,optimism,joy,positive
86,neutral,neutral,neutral
87,annoyance,anger,ambiguous
88,neutral,neutral,neutral
89,neutral,surprise,positive
90,disapproval,anger,negative
91,amusement,joy,neutral
92,admiration,joy,positive
93,curiosity,joy,positive
94,curiosity,surprise,ambiguous
95,gratitude,neutral,neutral
96,joy,joy,positive
97,disapproval,anger,negative
98,neutral,neutral,neutral
99,gratitude,joy,positive
100,disapproval,anger,negative
101,neutral,neutral,neutral
102,optimism,joy,positive
103,approval,joy,positive
104,neutral,neutral,neutral
105,admiration,joy,positive
106,gratitude,joy,positive
107,admiration,joy,positive
108,amusement,neutral,negative
109,neutral,neutral,neutral
110,neutral,neutral,neutral
111,optimism,neutral,positive
112,neutral,neutral,neutral
113,neutral,neutral,neutral
114,curiosity,neutral,ambiguous
115,amusement,joy,positive
116,neutral,neutral,neutral
117,sadness,sadness,negative
118,neutral,neutral,negative
119,disapproval,anger,negative
120,amusement,surprise,ambiguous
121,annoyance,neutral,neutral
122,excitement,joy,positive
123,excitement,joy,positive
124,annoyance,anger,negative
125,approval,joy,positive
126,disapproval,anger,negative
127,disgust,disgust,negative
128,neutral,neutral,neutral
129,love,joy,positive
130,desire,sadness,negative
131,disapproval,neutral,negative
132,fear,disgust,negative
133,amusement,joy,neutral
134,amusement,neutral,neutral
135,neutral,neutral,neutral
136,disapproval,neutral,negative
137,disapproval,neutral,negative
138,curiosity,neutral,ambiguous
139,desire,joy,positive
140,disapproval,anger,negative
141,admiration,joy,positive
142,amusement,joy,positive
143,confusion,neutral,ambiguous
144,optimism,joy,positive
145,excitement,joy,positive
146,love,joy,positive
147,neutral,neutral,neutral
148,disapproval,neutral,negative
149,embarrassment,sadness,negative
150,sadness,sadness,negative
151,embarrassment,sadness,negative
152,neutral,neutral,negative
153,annoyance,anger,negative
154,approval,neutral,positive
155,gratitude,joy,positive
156,disapproval,anger,negative
157,disgust,disgust,negative
158,approval,neutral,neutral
159,caring,joy,positive
160,sadness,sadness,negative
161,love,joy,positive
162,amusement,joy,positive
163,neutral,neutral,neutral
164,admiration,joy,positive
165,neutral,neutral,neutral
166,admiration,joy,positive
167,excitement,joy,positive
168,neutral,neutral,neutral
169,annoyance,anger,negative
170,approval,neutral,positive
171,neutral,neutral,neutral
172,neutral,neutral,negative
173,admiration,joy,positive
174,neutral,neutral,ambiguous
175,curiosity,joy,ambiguous
176,disapproval,anger,negative
177,annoyance,anger,negative
178,annoyance,anger,negative
179,neutral,neutral,negative
180,anger,anger,negative
181,neutral,neutral,neutral
182,disapproval,anger,negative
183,approval,joy,positive
184,love,joy,positive
185,excitement,neutral,positive
186,fear,fear,negative
187,love,joy,positive
188,disapproval,anger,negative
189,disapproval,anger,negative
190,sadness,sadness,negative
191,disapproval,anger,negative
192,relief,joy,positive
193,neutral,neutral,neutral
194,optimism,joy,positive
195,annoyance,anger,negative
196,annoyance,anger,negative
197,admiration,joy,positive
198,approval,neutral,positive
199,admiration,joy,positive
200,annoyance,anger,negative
201,curiosity,neutral,ambiguous
202,desire,joy,positive
203,amusement,neutral,neutral
204,annoyance,neutral,negative
205,joy,joy,positive
206,neutral,neutral,neutral
207,admiration,neutral,positive
208,annoyance,anger,negative
209,admiration,joy,positive
210,admiration,joy,positive
211,fear,fear,negative
212,amusement,joy,positive
213,neutral,neutral,neutral
214,confusion,surprise,ambiguous
215,annoyance,anger,negative
216,amusement,neutral,neutral
217,caring,neutral,neutral
218,approval,joy,positive
219,disapproval,neutral,negative
220,disapproval,anger,negative
221,neutral,neutral,neutral
222,disgust,disgust,negative
223,approval,neutral,positive
224,disappointment,anger,negative
225,surprise,surprise,positive
226,disapproval,anger,negative
227,optimism,joy,positive
228,neutral,neutral,neutral
229,neutral,neutral,neutral
230,disapproval,anger,negative
231,joy,joy,positive
232,curiosity,neutral,ambiguous
233,disapproval,anger,negative
234,annoyance,anger,negative
235,curiosity,neutral,neutral
236,amusement,joy,positive
237,disgust,disgust,negative
238,disapproval,anger,negative
239,neutral,neutral,neutral
240,disapproval,neutral,negative
241,admiration,joy,positive
242,admiration,joy,positive
243,disapproval,anger,negative
244,disapproval,neutral,negative
245,excitement,joy,positive
246,approval,joy,positive
247,neutral,neutral,neutral
248,gratitude,joy,positive
249,gratitude,joy,positive
250,neutral,neutral,negative
251,neutral,neutral,neutral
252,realization,neutral,neutral
253,approval,neutral,positive
254,curiosity,neutral,ambiguous
255,neutral,neutral,neutral
256,disapproval,neutral,neutral
257,curiosity,neutral,ambiguous
258,admiration,neutral,negative
259,admiration,joy,positive
260,amusement,joy,negative
261,neutral,neutral,neutral
262,optimism,neutral,negative
263,neutral,neutral,neutral
264,admiration,joy,positive
265,fear,fear,neutral
266,disapproval,anger,negative
267,fear,fear,negative
268,optimism,joy,positive
269,disapproval,neutral,negative
270,disapproval,anger,negative
271,disapproval,anger,negative
272,neutral,neutral,neutral
273,nervousness,fear,negative
274,neutral,neutral,neutral
275,neutral,neutral,negative
276,annoyance,anger,negative
277,approval,joy,positive
278,neutral,neutral,neutral
279,annoyance,anger,negative
280,annoyance,neutral,neutral
281,approval,joy,positive
282,surprise,surprise,ambiguous
283,amusement,neutral,positive
284,fear,fear,negative
285,disapproval,disgust,negative
286,annoyance,anger,negative
287,annoyance,neutral,neutral
288,surprise,surprise,ambiguous
289,neutral,neutral,neutral
290,optimism,joy,positive
291,approval,neutral,neutral
292,amusement,neutral,neutral
293,caring,neutral,neutral
294,excitement,joy,positive
295,disapproval,anger,negative
296,joy,joy,positive
297,disapproval,anger,negative
298,approval,joy,positive
299,neutral,neutral,neutral
300,neutral,neutral,neutral
