id,label,flagged,repaired,conflicts
1,neutral,0,1,
2,neutral,0,0,
3,neutral,0,0,
4,annoyance,0,0,
5,annoyance,0,0,
6,neutral,0,1,
7,disapproval,0,0,
8,neutral,0,1,
9,neutral,0,0,
10,neutral,0,0,
11,neutral,0,1,
12,amusement,0,0,
13,neutral,0,0,
14,disapproval,0,0,
15,joy,0,0,
16,neutral,0,0,
17,annoyance,0,0,
18,neutral,0,0,
19,neutral,0,1,
20,neutral,0,0,
21,disgust,0,0,
22,caring,1,0,ekman:sadness!=joy
23,fear,0,0,
24,neutral,0,1,
25,neutral,0,0,
26,disapproval,0,0,
27,neutral,0,0,
28,neutral,0,0,
29,disapproval,0,0,
30,caring,0,0,
31,neutral,0,0,
32,gratitude,0,0,
33,neutral,0,1,
34,neutral,0,0,
35,neutral,0,0,
36,disappointment,0,0,
37,neutral,0,1,
38,annoyance,0,0,
39,neutral,1,0,ekman:joy!=neutral
40,gratitude,0,0,
41,gratitude,0,0,
42,neutral,0,0,
43,amusement,0,0,
44,disappointment,0,0,
45,disgust,0,0,
46,amusement,0,0,
47,annoyance,0,0,
48,confusion,0,0,
49,disapproval,0,0,
50,neutral,0,1,
51,neutral,0,0,
52,neutral,0,1,
53,neutral,0,1,
54,admiration,0,0,
55,neutral,0,0,
56,neutral,0,0,
57,disappointment,0,0,
58,gratitude,0,0,
59,confusion,1,0,ekman:joy!=surprise
60,caring,0,0,
61,admiration,0,0,
62,amusement,0,0,
63,neutral,0,0,
64,neutral,1,0,ekman:joy!=neutral
65,optimism,0,0,
66,approval,0,0,
67,excitement,0,0,
68,caring,0,0,
69,admiration,0,0,
70,confusion,0,0,
71,neutral,0,1,
72,disappointment,0,0,
73,neutral,0,0,
74,neutral,0,1,
75,admiration,0,0,
76,confusion,0,0,
77,neutral,0,0,
78,anger,0,0,
79,annoyance,0,0,
80,excitement,0,0,
81,disapproval,0,0,
82,neutral,0,0,
83,neutral,0,0,
84,fear,0,0,
85,optimism,0,0,
86,neutral,0,0,
87,annoyance,0,0,
88,neutral,0,0,
89,neutral,1,0,ekman:surprise!=neutral
90,disapproval,0,0,
91,amusement,0,0,
92,admiration,0,0,
93,curiosity,1,0,ekman:joy!=surprise
94,curiosity,0,0,
95,neutral,0,1,
96,joy,0,0,
97,disapproval,0,0,
98,neutral,0,0,
99,gratitude,0,0,
100,disapproval,0,0,
101,neutral,0,0,
102,optimism,0,0,
103,approval,0,0,
104,neutral,0,0,
105,admiration,0,0,
106,gratitude,0,0,
107,admiration,0,0,
108,neutral,0,1,
109,neutral,0,0,
110,neutral,0,0,
111,neutral,0,1,
112,neutral,0,0,
113,neutral,0,0,
114,neutral,0,1,
115,amusement,0,0,
116,neutral,0,0,
117,sadness,0,0,
118,neutral,0,0,
119,disapproval,0,0,
120,amusement,1,0,ekman:surprise!=joy
121,neutral,0,1,
122,excitement,0,0,
123,excitement,0,0,
124,annoyance,0,0,
125,approval,0,0,
126,disapproval,0,0,
127,disgust,0,0,
128,neutral,0,0,
129,love,0,0,
130,desire,1,0,ekman:sadness!=joy
131,neutral,0,1,
132,disgust,0,1,
133,amusement,0,0,
134,neutral,0,1,
135,neutral,0,0,
136,neutral,0,1,
137,neutral,0,1,
138,neutral,0,1,
139,desire,0,0,
140,disapproval,0,0,
141,admiration,0,0,
142,amusement,0,0,
143,neutral,0,1,
144,optimism,0,0,
145,excitement,0,0,
146,love,0,0,
147,neutral,0,0,
148,neutral,0,1,
149,embarrassment,0,0,
150,sadness,0,0,
151,embarrassment,0,0,
152,neutral,0,0,
153,annoyance,0,0,
154,neutral,0,1,
155,gratitude,0,0,
156,disapproval,0,0,
157,disgust,0,0,
158,neutral,0,1,
159,caring,0,0,
160,sadness,0,0,
161,love,0,0,
162,amusement,0,0,
163,neutral,0,0,
164,admiration,0,0,
165,neutral,0,0,
166,admiration,0,0,
167,excitement,0,0,
168,neutral,0,0,
169,annoyance,0,0,
170,neutral,0,1,
171,neutral,0,0,
172,neutral,0,0,
173,admiration,0,0,
174,neutral,0,0,
175,curiosity,1,0,ekman:joy!=surprise
176,disapproval,0,0,
177,annoyance,0,0,
178,annoyance,0,0,
179,neutral,0,0,
180,anger,0,0,
181,neutral,0,0,
182,disapproval,0,0,
183,approval,0,0,
184,love,0,0,
185,neutral,0,1,
186,fear,0,0,
187,love,0,0,
188,disapproval,0,0,
189,disapproval,0,0,
190,sadness,0,0,
191,disapproval,0,0,
192,relief,0,0,
193,neutral,0,0,
194,optimism,0,0,
195,annoyance,0,0,
196,annoyance,0,0,
197,admiration,0,0,
198,neutral,0,1,
199,admiration,0,0,
200,annoyance,0,0,
201,neutral,0,1,
202,desire,0,0,
203,neutral,0,1,
204,neutral,0,1,
205,joy,0,0,
206,neutral,0,0,
207,neutral,0,1,
208,annoyance,0,0,
209,admiration,0,0,
210,admiration,0,0,
211,fear,0,0,
212,amusement,0,0,
213,neutral,0,0,
214,confusion,0,0,
215,annoyance,0,0,
216,neutral,0,1,
217,neutral,0,1,
218,approval,0,0,
219,neutral,0,1,
220,disapproval,0,0,
221,neutral,0,0,
222,disgust,0,0,
223,neutral,0,1,
224,disappointment,1,0,ekman:anger!=sadness
225,surprise,0,0,
226,disapproval,0,0,
227,optimism,0,0,
228,neutral,0,0,
229,neutral,0,0,
230,disapproval,0,0,
231,joy,0,0,
232,neutral,0,1,
233,disapproval,0,0,
234,annoyance,0,0,
235,neutral,0,1,
236,amusement,0,0,
237,disgust,0,0,
238,disapproval,0,0,
239,neutral,0,0,
240,neutral,0,1,
241,admiration,0,0,
242,admiration,0,0,
243,disapproval,0,0,
244,neutral,0,1,
245,excitement,0,0,
246,approval,0,0,
247,neutral,0,0,
248,gratitude,0,0,
249,gratitude,0,0,
250,neutral,0,0,
251,neutral,0,0,
252,neutral,0,1,
253,neutral,0,1,
254,neutral,0,1,
255,neutral,0,0,
256,neutral,0,1,
257,neutral,0,1,
258,neutral,0,1,
259,admiration,0,0,
260,amusement,0,0,
261,neutral,0,0,
262,neutral,0,1,
263,neutral,0,0,
264,admiration,0,0,
265,fear,0,0,
266,disapproval,0,0,
267,fear,0,0,
268,optimism,0,0,
269,neutral,0,1,
270,disapproval,0,0,
271,disapproval,0,0,
272,neutral,0,0,
273,nervousness,0,0,
274,neutral,0,0,
275,neutral,0,0,
276,annoyance,0,0,
277,approval,0,0,
278,neutral,0,0,
279,annoyance,0,0,
280,neutral,0,1,
281,approval,0,0,
282,surprise,0,0,
283,neutral,0,1,
284,fear,0,0,
285,disgust,0,1,
286,annoyance,0,0,
287,neutral,0,1,
288,surprise,0,0,
289,neutral,0,0,
290,optimism,0,0,
291,neutral,0,1,
292,neutral,0,1,
293,neutral,0,1,
294,excitement,0,0,
295,disapproval,0,0,
296,joy,0,0,
297,disapproval,0,0,
298,approval,0,0,
299,neutral,0,0,
300,neutral,0,0,
